Timestamp,Camera ID,Vehicle ID,Event Type,Location,Velocity,Confidence,Before Image,After Image,Evidence Path
2025-12-11 07:14:46,Camera1,0,unloading,"(570.6701049804688, 275.6687927246094)",0.00,0.00,N/A,N/A,N/A
2025-12-11 07:14:46,Camera1,0,hidden_disposal,"(570.6701049804688, 275.6687927246094)",0.00,0.00,N/A,N/A,N/A
2025-12-11 07:14:47,Camera1,0,hidden_disposal,"(570.9658813476562, 281.33416748046875)",0.00,0.00,N/A,N/A,N/A
2025-12-11 07:14:50,Camera1,4,hidden_disposal,"(253.47271728515625, 185.44253540039062)",0.78,0.00,N/A,N/A,N/A
2025-12-11 07:15:01,Camera1,0,hidden_disposal,"(354.2637939453125, 192.12109375)",0.00,0.00,N/A,N/A,N/A
2025-12-11 07:15:02,Camera1,0,hidden_disposal,"(346.83502197265625, 189.4052276611328)",0.00,0.00,N/A,N/A,N/A
2025-12-11 07:15:02,Camera1,0,hidden_disposal,"(329.5098876953125, 179.75732421875)",0.00,0.00,N/A,N/A,N/A
2025-12-11 07:15:03,Camera1,0,hidden_disposal,"(318.2752990722656, 174.13035583496094)",0.00,0.00,N/A,N/A,N/A
2025-12-11 07:15:04,Camera1,0,hidden_disposal,"(306.9185791015625, 166.54782104492188)",0.00,0.00,N/A,N/A,N/A
2025-12-11 07:15:05,Camera1,0,hidden_disposal,"(300.05084228515625, 162.60311889648438)",0.00,0.00,N/A,N/A,N/A
2025-12-11 07:15:06,Camera1,0,unloading,"(294.053955078125, 162.57876586914062)",0.00,0.00,N/A,N/A,N/A
2025-12-11 07:15:06,Camera1,0,hidden_disposal,"(294.053955078125, 162.57876586914062)",0.00,0.00,N/A,N/A,N/A
2025-12-11 07:15:06,Camera1,0,unloading,"(272.6957092285156, 147.59356689453125)",0.00,0.00,N/A,N/A,N/A
2025-12-11 07:15:06,Camera1,0,hidden_disposal,"(272.6957092285156, 147.59356689453125)",0.00,0.00,N/A,N/A,N/A
2025-12-11 07:15:07,Camera1,0,unloading,"(265.7072448730469, 146.78726196289062)",0.00,0.00,N/A,N/A,N/A
2025-12-11 07:15:07,Camera1,0,hidden_disposal,"(265.7072448730469, 146.78726196289062)",0.00,0.00,N/A,N/A,N/A
2025-12-11 07:15:08,Camera1,0,hidden_disposal,"(243.80943298339844, 134.06996154785156)",0.00,0.00,N/A,N/A,N/A
2025-12-11 07:15:09,Camera1,0,hidden_disposal,"(238.11146545410156, 132.58543395996094)",0.00,0.00,N/A,N/A,N/A
2025-12-11 07:15:11,Camera1,0,hidden_disposal,"(215.00924682617188, 123.10540771484375)",0.01,0.00,N/A,N/A,N/A
2025-12-11 07:15:14,Camera1,0,hidden_disposal,"(164.86871337890625, 97.56592559814453)",0.00,0.00,N/A,N/A,N/A
2025-12-11 07:15:15,Camera1,0,hidden_disposal,"(164.8671875, 97.5636978149414)",0.00,0.00,N/A,N/A,N/A
2025-12-11 07:15:15,Camera1,0,hidden_disposal,"(154.4691925048828, 104.18814849853516)",0.00,0.00,N/A,N/A,N/A
2025-12-11 07:15:46,Camera1,33,hidden_disposal,"(564.40673828125, 297.1058349609375)",0.00,0.00,N/A,N/A,N/A
2025-12-11 07:15:46,Camera1,33,hidden_disposal,"(560.95068359375, 298.74932861328125)",0.00,0.00,N/A,N/A,N/A
2025-12-11 07:15:56,Camera1,33,unloading,"(485.74273681640625, 258.73675537109375)",0.00,0.00,N/A,N/A,N/A
2025-12-11 07:15:56,Camera1,33,hidden_disposal,"(485.74273681640625, 258.73675537109375)",0.00,0.00,N/A,N/A,N/A
2025-12-11 07:15:56,Camera1,33,hidden_disposal,"(482.0020751953125, 255.11737060546875)",0.00,0.00,N/A,N/A,N/A
2025-12-11 07:15:57,Camera1,33,hidden_disposal,"(472.67547607421875, 251.50762939453125)",0.00,0.00,N/A,N/A,N/A
2025-12-11 07:16:00,Camera1,33,unloading,"(423.99627685546875, 229.65603637695312)",0.00,0.00,N/A,N/A,N/A
2025-12-11 07:16:00,Camera1,33,hidden_disposal,"(423.99627685546875, 229.65603637695312)",0.00,0.00,N/A,N/A,N/A
2025-12-11 07:16:01,Camera1,33,hidden_disposal,"(421.28033447265625, 227.7201690673828)",0.00,0.00,N/A,N/A,N/A
2025-12-11 07:16:01,Camera1,33,hidden_disposal,"(407.480712890625, 221.76910400390625)",0.00,0.00,N/A,N/A,N/A
2025-12-11 07:16:02,Camera1,33,unloading,"(388.0419006347656, 214.79940795898438)",0.00,0.00,N/A,N/A,N/A
2025-12-11 07:16:02,Camera1,33,hidden_disposal,"(388.0419006347656, 214.79940795898438)",0.00,0.00,N/A,N/A,N/A
2025-12-11 07:16:05,Camera1,33,hidden_disposal,"(349.08538818359375, 198.49578857421875)",0.00,0.00,N/A,N/A,N/A
2025-12-11 07:16:07,Camera1,33,hidden_disposal,"(325.1459655761719, 185.08822631835938)",0.00,0.00,N/A,N/A,N/A
2025-12-11 07:16:08,Camera1,33,hidden_disposal,"(296.09454345703125, 173.38690185546875)",0.00,0.00,N/A,N/A,N/A
2025-12-11 07:16:10,Camera1,33,unloading,"(269.705810546875, 159.53594970703125)",0.00,0.00,N/A,N/A,N/A
2025-12-11 07:16:10,Camera1,33,hidden_disposal,"(269.705810546875, 159.53594970703125)",0.00,0.00,N/A,N/A,N/A
2025-12-11 07:16:11,Camera1,33,hidden_disposal,"(269.898193359375, 159.58494567871094)",0.00,0.00,N/A,N/A,N/A
2025-12-11 07:16:12,Camera1,33,hidden_disposal,"(245.47669982910156, 149.50222778320312)",0.00,0.00,N/A,N/A,N/A
2025-12-11 07:16:14,Camera1,33,unloading,"(220.24644470214844, 137.18768310546875)",0.00,0.00,N/A,N/A,N/A
2025-12-11 07:16:14,Camera1,33,hidden_disposal,"(220.24644470214844, 137.18768310546875)",0.00,0.00,N/A,N/A,N/A
2025-12-11 07:16:15,Camera1,33,hidden_disposal,"(209.137939453125, 132.72406005859375)",0.00,0.00,N/A,N/A,N/A
2025-12-11 07:16:18,Camera1,33,hidden_disposal,"(169.2245330810547, 115.69329833984375)",0.00,0.00,N/A,N/A,N/A
2025-12-11 07:16:18,Camera1,33,hidden_disposal,"(168.83412170410156, 115.64176940917969)",0.00,0.00,N/A,N/A,N/A
2025-12-11 07:16:20,Camera1,33,hidden_disposal,"(138.96316528320312, 103.62837219238281)",0.00,0.00,N/A,N/A,N/A
2025-12-11 07:16:23,Camera1,33,hidden_disposal,"(111.1052017211914, 88.97034454345703)",0.00,0.00,N/A,N/A,N/A
2025-12-11 07:16:24,Camera1,33,hidden_disposal,"(98.92831420898438, 79.63134765625)",0.00,0.00,N/A,N/A,N/A
2025-12-11 07:16:24,Camera1,33,hidden_disposal,"(89.12496185302734, 73.06365966796875)",0.00,0.00,N/A,N/A,N/A
2025-12-11 07:16:25,Camera1,33,hidden_disposal,"(77.61203002929688, 73.5999755859375)",0.00,0.00,N/A,N/A,N/A
2025-12-11 07:16:26,Camera1,33,hidden_disposal,"(74.1021728515625, 69.02957916259766)",0.00,0.00,N/A,N/A,N/A
2025-12-11 07:16:43,Camera1,71,hidden_disposal,"(135.7396240234375, 158.16073608398438)",0.30,0.00,N/A,N/A,N/A
2025-12-11 07:16:44,Camera1,71,hidden_disposal,"(135.75836181640625, 158.89157104492188)",0.47,0.00,N/A,N/A,N/A
2025-12-11 07:16:46,Camera1,71,unloading,"(135.66542053222656, 159.03915405273438)",1.57,0.00,N/A,N/A,N/A
2025-12-11 07:16:46,Camera1,71,hidden_disposal,"(135.74224853515625, 158.689208984375)",0.32,0.00,N/A,N/A,N/A
2025-12-11 07:16:47,Camera1,71,hidden_disposal,"(135.6974639892578, 158.51248168945312)",0.31,0.00,N/A,N/A,N/A
2025-12-11 07:16:48,Camera1,71,hidden_disposal,"(135.74729919433594, 158.73663330078125)",0.27,0.00,N/A,N/A,N/A
2025-12-11 07:16:48,Camera1,71,hidden_disposal,"(135.03024291992188, 159.5006561279297)",0.86,0.00,N/A,N/A,N/A
2025-12-11 07:16:51,Camera1,71,unloading,"(113.3858413696289, 155.9078369140625)",0.00,0.00,N/A,N/A,N/A
2025-12-11 07:16:51,Camera1,71,hidden_disposal,"(113.3858413696289, 155.9078369140625)",0.00,0.00,N/A,N/A,N/A
2025-12-11 07:16:51,Camera1,71,hidden_disposal,"(98.1278076171875, 154.97982788085938)",0.00,0.00,N/A,N/A,N/A
2025-12-11 07:16:56,Camera1,80,unloading,"(6.901068687438965, 143.97891235351562)",0.00,0.00,N/A,N/A,N/A
2025-12-11 07:16:56,Camera1,80,hidden_disposal,"(6.901068687438965, 143.97891235351562)",0.00,0.00,N/A,N/A,N/A
2025-12-11 07:16:58,Camera1,77,unloading,"(153.574951171875, 170.56185913085938)",0.70,0.00,N/A,N/A,N/A
2025-12-11 07:16:58,Camera1,77,hidden_disposal,"(153.574951171875, 170.56185913085938)",0.70,0.00,N/A,N/A,N/A
2025-12-11 07:17:00,Camera1,77,unloading,"(177.33384704589844, 175.9071502685547)",2.33,0.00,N/A,N/A,N/A
2025-12-11 07:17:02,Camera1,77,unloading,"(177.10214233398438, 176.77647399902344)",1.24,0.00,N/A,N/A,N/A
2025-12-11 07:17:04,Camera1,77,hidden_disposal,"(176.54953002929688, 177.47116088867188)",0.00,0.00,N/A,N/A,N/A
2025-12-11 07:17:05,Camera1,77,hidden_disposal,"(176.8531494140625, 177.41395568847656)",0.46,0.00,N/A,N/A,N/A
2025-12-11 07:17:05,Camera1,77,hidden_disposal,"(176.295166015625, 177.6649932861328)",0.71,0.00,N/A,N/A,N/A
2025-12-11 07:17:06,Camera1,77,hidden_disposal,"(177.05274963378906, 177.07127380371094)",0.93,0.00,N/A,N/A,N/A
2025-12-11 07:17:07,Camera1,77,unloading,"(177.19464111328125, 178.09539794921875)",1.08,0.00,N/A,N/A,N/A
2025-12-11 07:17:08,Camera1,77,hidden_disposal,"(178.1871337890625, 176.7711181640625)",0.41,0.00,N/A,N/A,N/A
2025-12-11 07:17:08,Camera1,93,hidden_disposal,"(129.37948608398438, 302.6875915527344)",0.17,0.00,N/A,N/A,N/A
2025-12-11 07:17:09,Camera1,77,unloading,"(178.9833221435547, 175.6880645751953)",1.23,0.00,N/A,N/A,N/A
2025-12-11 07:17:10,Camera1,77,hidden_disposal,"(178.98471069335938, 175.6912841796875)",0.00,0.00,N/A,N/A,N/A
2025-12-11 07:17:10,Camera1,93,hidden_disposal,"(132.71311950683594, 301.194091796875)",0.00,0.00,N/A,N/A,N/A
2025-12-11 07:17:11,Camera1,77,hidden_disposal,"(178.90846252441406, 176.1642608642578)",0.50,0.00,N/A,N/A,N/A
2025-12-11 07:17:11,Camera1,77,unloading,"(178.51226806640625, 176.15960693359375)",0.46,0.00,N/A,N/A,N/A
2025-12-11 07:17:11,Camera1,77,hidden_disposal,"(178.51226806640625, 176.15960693359375)",0.46,0.00,N/A,N/A,N/A
2025-12-11 07:17:11,Camera1,93,hidden_disposal,"(130.88197326660156, 301.5044860839844)",0.63,0.00,N/A,N/A,N/A
2025-12-11 07:17:12,Camera1,77,hidden_disposal,"(178.520263671875, 176.43716430664062)",0.39,0.00,N/A,N/A,N/A
2025-12-11 07:17:12,Camera1,93,hidden_disposal,"(130.2900848388672, 301.71746826171875)",0.43,0.00,N/A,N/A,N/A
2025-12-11 07:17:13,Camera1,77,hidden_disposal,"(178.32933044433594, 176.50448608398438)",0.28,0.00,N/A,N/A,N/A
2025-12-11 07:17:13,Camera1,93,hidden_disposal,"(130.77999877929688, 301.51092529296875)",0.37,0.00,N/A,N/A,N/A
2025-12-11 07:17:14,Camera1,77,unloading,"(178.23727416992188, 176.73199462890625)",0.53,0.00,N/A,N/A,N/A
2025-12-11 07:17:14,Camera1,77,hidden_disposal,"(178.23727416992188, 176.73199462890625)",0.53,0.00,N/A,N/A,N/A
2025-12-11 07:17:14,Camera1,93,hidden_disposal,"(128.6405487060547, 302.5335998535156)",0.83,0.00,N/A,N/A,N/A
2025-12-11 07:17:14,Camera1,77,hidden_disposal,"(178.0919189453125, 177.02940368652344)",0.33,0.00,N/A,N/A,N/A
2025-12-11 07:17:14,Camera1,93,hidden_disposal,"(129.645263671875, 301.919677734375)",0.52,0.00,N/A,N/A,N/A
2025-12-11 07:17:15,Camera1,77,hidden_disposal,"(178.12075805664062, 176.77273559570312)",0.34,0.00,N/A,N/A,N/A
2025-12-11 07:17:15,Camera1,93,hidden_disposal,"(128.822021484375, 302.518798828125)",0.53,0.00,N/A,N/A,N/A
2025-12-11 07:17:16,Camera1,77,hidden_disposal,"(178.07093811035156, 177.28370666503906)",0.60,0.00,N/A,N/A,N/A
2025-12-11 07:17:16,Camera1,93,hidden_disposal,"(128.74632263183594, 302.73895263671875)",0.15,0.00,N/A,N/A,N/A
2025-12-11 07:17:17,Camera1,77,unloading,"(178.4015350341797, 175.713623046875)",1.60,0.00,N/A,N/A,N/A
2025-12-11 07:17:17,Camera1,77,hidden_disposal,"(178.40597534179688, 176.38539123535156)",0.74,0.00,N/A,N/A,N/A
2025-12-11 07:17:17,Camera1,93,hidden_disposal,"(128.86203002929688, 301.93182373046875)",0.82,0.00,N/A,N/A,N/A
2025-12-11 07:17:18,Camera1,77,hidden_disposal,"(178.42173767089844, 176.38995361328125)",0.17,0.00,N/A,N/A,N/A
2025-12-11 07:17:18,Camera1,93,hidden_disposal,"(130.95013427734375, 301.4722900390625)",0.60,0.00,N/A,N/A,N/A
2025-12-11 07:17:19,Camera1,77,hidden_disposal,"(178.6209716796875, 175.71470642089844)",0.73,0.00,N/A,N/A,N/A
2025-12-11 07:17:19,Camera1,93,hidden_disposal,"(131.10092163085938, 301.4481506347656)",0.26,0.00,N/A,N/A,N/A
2025-12-11 07:17:20,Camera1,77,hidden_disposal,"(179.07608032226562, 175.79530334472656)",0.55,0.00,N/A,N/A,N/A
2025-12-11 07:17:20,Camera1,93,hidden_disposal,"(130.46658325195312, 301.732177734375)",0.48,0.00,N/A,N/A,N/A
2025-12-11 07:17:21,Camera1,77,hidden_disposal,"(167.11044311523438, 180.9123992919922)",0.33,0.00,N/A,N/A,N/A
2025-12-11 07:17:21,Camera1,93,hidden_disposal,"(120.64762115478516, 306.935546875)",0.18,0.00,N/A,N/A,N/A
2025-12-11 07:17:22,Camera1,77,hidden_disposal,"(166.84585571289062, 181.1793212890625)",0.58,0.00,N/A,N/A,N/A
2025-12-11 07:17:22,Camera1,93,hidden_disposal,"(120.47727966308594, 307.23907470703125)",0.17,0.00,N/A,N/A,N/A
2025-12-11 07:17:23,Camera1,77,hidden_disposal,"(166.5417022705078, 180.8840789794922)",0.27,0.00,N/A,N/A,N/A
2025-12-11 07:17:23,Camera1,93,hidden_disposal,"(120.48178100585938, 306.9927062988281)",0.18,0.00,N/A,N/A,N/A
2025-12-11 07:17:23,Camera1,77,hidden_disposal,"(166.82809448242188, 180.16265869140625)",0.52,0.00,N/A,N/A,N/A
2025-12-11 07:17:23,Camera1,93,hidden_disposal,"(120.52828216552734, 306.492431640625)",0.21,0.00,N/A,N/A,N/A
2025-12-11 07:17:24,Camera1,77,hidden_disposal,"(166.31222534179688, 181.1741943359375)",0.86,0.00,N/A,N/A,N/A
2025-12-11 07:17:24,Camera1,93,hidden_disposal,"(119.8149642944336, 306.5115966796875)",0.27,0.00,N/A,N/A,N/A
2025-12-11 07:17:25,Camera1,77,hidden_disposal,"(166.28504943847656, 180.63232421875)",0.49,0.00,N/A,N/A,N/A
2025-12-11 07:17:25,Camera1,93,hidden_disposal,"(120.12996673583984, 305.96368408203125)",0.14,0.00,N/A,N/A,N/A
2025-12-11 07:17:25,Camera1,77,unloading,"(166.11322021484375, 180.9125213623047)",0.35,0.00,N/A,N/A,N/A
2025-12-11 07:17:25,Camera1,77,hidden_disposal,"(166.11322021484375, 180.9125213623047)",0.35,0.00,N/A,N/A,N/A
2025-12-11 07:17:25,Camera1,93,unloading,"(120.27899169921875, 305.8983154296875)",0.04,0.00,N/A,N/A,N/A
2025-12-11 07:17:25,Camera1,93,hidden_disposal,"(120.27899169921875, 305.8983154296875)",0.04,0.00,N/A,N/A,N/A
2025-12-11 07:17:26,Camera1,77,hidden_disposal,"(166.15318298339844, 180.682861328125)",0.20,0.00,N/A,N/A,N/A
2025-12-11 07:17:26,Camera1,93,hidden_disposal,"(120.26116943359375, 305.92022705078125)",0.01,0.00,N/A,N/A,N/A
2025-12-11 07:17:27,Camera1,77,hidden_disposal,"(166.3711395263672, 180.58551025390625)",0.16,0.00,N/A,N/A,N/A
2025-12-11 07:17:27,Camera1,93,hidden_disposal,"(120.08629608154297, 305.85235595703125)",0.04,0.00,N/A,N/A,N/A
2025-12-11 07:17:28,Camera1,77,hidden_disposal,"(166.24508666992188, 180.39231872558594)",0.48,0.00,N/A,N/A,N/A
2025-12-11 07:17:28,Camera1,93,hidden_disposal,"(120.33869171142578, 305.74920654296875)",0.08,0.00,N/A,N/A,N/A
2025-12-11 07:17:29,Camera1,77,hidden_disposal,"(165.6407928466797, 180.50369262695312)",0.26,0.00,N/A,N/A,N/A
2025-12-11 07:17:29,Camera1,93,hidden_disposal,"(120.28010559082031, 305.7182312011719)",0.08,0.00,N/A,N/A,N/A
2025-12-11 07:17:29,Camera1,77,hidden_disposal,"(165.654296875, 180.63949584960938)",0.85,0.00,N/A,N/A,N/A
2025-12-11 07:17:29,Camera1,93,hidden_disposal,"(120.27275085449219, 306.36810302734375)",0.26,0.00,N/A,N/A,N/A
2025-12-11 07:17:30,Camera1,93,hidden_disposal,"(120.3298568725586, 305.82269287109375)",0.18,0.00,N/A,N/A,N/A
2025-12-11 07:17:31,Camera1,77,hidden_disposal,"(163.2805938720703, 180.91986083984375)",0.99,0.00,N/A,N/A,N/A
2025-12-11 07:17:31,Camera1,93,hidden_disposal,"(120.51420593261719, 307.5544128417969)",0.40,0.00,N/A,N/A,N/A
2025-12-11 07:17:32,Camera1,77,hidden_disposal,"(154.74404907226562, 179.18679809570312)",0.83,0.00,N/A,N/A,N/A
2025-12-11 07:17:32,Camera1,93,hidden_disposal,"(120.7470703125, 306.9817810058594)",0.23,0.00,N/A,N/A,N/A
2025-12-11 07:17:33,Camera1,77,hidden_disposal,"(153.69488525390625, 178.5093536376953)",0.43,0.00,N/A,N/A,N/A
2025-12-11 07:17:33,Camera1,93,unloading,"(120.23660278320312, 306.6900939941406)",0.23,0.00,N/A,N/A,N/A
2025-12-11 07:17:33,Camera1,93,hidden_disposal,"(120.23660278320312, 306.6900939941406)",0.23,0.00,N/A,N/A,N/A
2025-12-11 07:17:33,Camera1,93,hidden_disposal,"(120.53820037841797, 307.771728515625)",0.44,0.00,N/A,N/A,N/A
2025-12-11 07:17:34,Camera1,93,hidden_disposal,"(120.0347900390625, 306.3407287597656)",0.46,0.00,N/A,N/A,N/A
2025-12-11 07:17:35,Camera1,77,hidden_disposal,"(152.00013732910156, 178.99185180664062)",0.40,0.00,N/A,N/A,N/A
2025-12-11 07:17:35,Camera1,93,hidden_disposal,"(120.51246643066406, 306.63507080078125)",0.24,0.00,N/A,N/A,N/A
2025-12-11 07:17:36,Camera1,93,hidden_disposal,"(119.85197448730469, 307.88861083984375)",0.59,0.00,N/A,N/A,N/A
2025-12-11 07:17:36,Camera1,77,hidden_disposal,"(162.71542358398438, 178.17990112304688)",0.00,0.00,N/A,N/A,N/A
2025-12-11 07:17:36,Camera1,93,hidden_disposal,"(119.91757202148438, 307.92578125)",0.24,0.00,N/A,N/A,N/A
2025-12-11 07:17:36,Camera1,77,hidden_disposal,"(150.05677795410156, 179.71499633789062)",0.00,0.00,N/A,N/A,N/A
2025-12-11 07:17:37,Camera1,77,hidden_disposal,"(167.72073364257812, 173.6748046875)",0.00,0.00,N/A,N/A,N/A
2025-12-11 07:17:38,Camera1,93,hidden_disposal,"(120.03532409667969, 308.01593017578125)",0.69,0.00,N/A,N/A,N/A
2025-12-11 07:17:38,Camera1,77,hidden_disposal,"(172.07215881347656, 179.13992309570312)",0.00,0.00,N/A,N/A,N/A
2025-12-11 07:17:39,Camera1,93,unloading,"(120.6575927734375, 307.5873718261719)",0.35,0.00,N/A,N/A,N/A
2025-12-11 07:17:39,Camera1,93,hidden_disposal,"(120.6575927734375, 307.5873718261719)",0.35,0.00,N/A,N/A,N/A
2025-12-11 07:17:39,Camera1,77,unloading,"(170.29266357421875, 176.64112854003906)",0.00,0.00,N/A,N/A,N/A
2025-12-11 07:17:39,Camera1,77,hidden_disposal,"(170.29266357421875, 176.64112854003906)",0.00,0.00,N/A,N/A,N/A
2025-12-11 07:17:40,Camera1,93,hidden_disposal,"(120.55142974853516, 307.27703857421875)",0.33,0.00,N/A,N/A,N/A
2025-12-11 07:17:40,Camera1,77,hidden_disposal,"(168.49041748046875, 175.58985900878906)",0.00,0.00,N/A,N/A,N/A
2025-12-11 07:17:40,Camera1,93,hidden_disposal,"(119.44847106933594, 308.09844970703125)",0.58,0.00,N/A,N/A,N/A
2025-12-11 07:17:40,Camera1,77,hidden_disposal,"(169.58584594726562, 176.85894775390625)",0.00,0.00,N/A,N/A,N/A
2025-12-11 07:17:41,Camera1,93,hidden_disposal,"(118.77193450927734, 307.8310546875)",0.29,0.00,N/A,N/A,N/A
2025-12-11 07:17:41,Camera1,77,hidden_disposal,"(167.05963134765625, 174.95050048828125)",0.00,0.00,N/A,N/A,N/A
2025-12-11 07:17:42,Camera1,93,hidden_disposal,"(119.55447387695312, 307.57537841796875)",0.49,0.00,N/A,N/A,N/A
2025-12-11 07:17:42,Camera1,77,hidden_disposal,"(167.36740112304688, 177.91949462890625)",0.00,0.00,N/A,N/A,N/A
2025-12-11 07:17:43,Camera1,93,hidden_disposal,"(119.52360534667969, 307.50201416015625)",0.31,0.00,N/A,N/A,N/A
2025-12-11 07:17:43,Camera1,77,hidden_disposal,"(167.22190856933594, 178.9473876953125)",0.00,0.00,N/A,N/A,N/A
2025-12-11 07:17:43,Camera1,93,hidden_disposal,"(119.77860260009766, 307.6824951171875)",0.40,0.00,N/A,N/A,N/A
2025-12-11 07:17:43,Camera1,77,hidden_disposal,"(168.04800415039062, 179.9603271484375)",0.00,0.00,N/A,N/A,N/A
2025-12-11 07:17:44,Camera1,93,hidden_disposal,"(119.69296264648438, 307.5560607910156)",0.28,0.00,N/A,N/A,N/A
2025-12-11 07:17:44,Camera1,77,hidden_disposal,"(168.64828491210938, 177.96377563476562)",0.00,0.00,N/A,N/A,N/A
2025-12-11 07:17:45,Camera1,77,hidden_disposal,"(169.90464782714844, 174.6039276123047)",0.00,0.00,N/A,N/A,N/A
2025-12-11 07:17:46,Camera1,93,hidden_disposal,"(120.66007995605469, 306.40740966796875)",0.24,0.00,N/A,N/A,N/A
2025-12-11 07:17:46,Camera1,77,hidden_disposal,"(169.27452087402344, 177.995361328125)",0.00,0.00,N/A,N/A,N/A
2025-12-11 07:17:46,Camera1,93,hidden_disposal,"(120.35710906982422, 306.57806396484375)",0.55,0.00,N/A,N/A,N/A
2025-12-11 07:17:46,Camera1,77,hidden_disposal,"(171.26791381835938, 180.38864135742188)",0.00,0.00,N/A,N/A,N/A
2025-12-11 07:18:54,Camera1,127,hidden_disposal,"(87.94499206542969, 273.31591796875)",0.01,0.00,N/A,N/A,N/A
2025-12-11 07:21:37,Camera1,170,unloading,"(9.259952545166016, 138.21478271484375)",0.00,0.00,N/A,N/A,N/A
2025-12-11 07:21:37,Camera1,170,hidden_disposal,"(9.259952545166016, 138.21478271484375)",0.00,0.00,N/A,N/A,N/A
2025-12-11 07:21:38,Camera1,170,hidden_disposal,"(11.337420463562012, 139.06939697265625)",0.01,0.00,N/A,N/A,N/A
2025-12-11 07:21:41,Camera1,170,hidden_disposal,"(32.74360275268555, 123.49075317382812)",0.00,0.00,N/A,N/A,N/A
2025-12-11 07:21:42,Camera1,170,hidden_disposal,"(34.31200408935547, 122.1904296875)",0.00,0.00,N/A,N/A,N/A
2025-12-11 07:21:43,Camera1,170,hidden_disposal,"(40.74535369873047, 120.08023071289062)",0.00,0.00,N/A,N/A,N/A
2025-12-11 07:21:43,Camera1,170,unloading,"(44.852622985839844, 116.0377197265625)",0.00,0.00,N/A,N/A,N/A
2025-12-11 07:21:43,Camera1,170,hidden_disposal,"(44.852622985839844, 116.0377197265625)",0.00,0.00,N/A,N/A,N/A
2025-12-11 07:21:44,Camera1,170,hidden_disposal,"(47.34639358520508, 114.085205078125)",0.00,0.00,N/A,N/A,N/A
2025-12-11 07:21:45,Camera1,170,hidden_disposal,"(53.00710678100586, 113.90435791015625)",0.00,0.00,N/A,N/A,N/A
2025-12-11 07:21:46,Camera1,170,hidden_disposal,"(57.37164306640625, 110.69384765625)",0.00,0.00,N/A,N/A,N/A
2025-12-11 07:21:46,Camera1,170,hidden_disposal,"(66.71061706542969, 108.80111694335938)",0.00,0.00,N/A,N/A,N/A
2025-12-11 07:21:47,Camera1,170,hidden_disposal,"(71.02330780029297, 110.59684753417969)",0.00,0.00,N/A,N/A,N/A
2025-12-11 07:21:48,Camera1,170,hidden_disposal,"(74.22117614746094, 110.58927154541016)",0.00,0.00,N/A,N/A,N/A
2025-12-11 07:21:49,Camera1,170,hidden_disposal,"(85.90299987792969, 109.44156646728516)",0.00,0.00,N/A,N/A,N/A
2025-12-11 07:21:49,Camera1,170,hidden_disposal,"(89.75396728515625, 109.26121520996094)",0.00,0.00,N/A,N/A,N/A
2025-12-11 07:21:50,Camera1,170,hidden_disposal,"(100.81214904785156, 114.63179016113281)",0.00,0.00,N/A,N/A,N/A
2025-12-11 07:21:51,Camera1,170,hidden_disposal,"(108.05223083496094, 118.0458984375)",0.00,0.00,N/A,N/A,N/A
2025-12-11 07:21:52,Camera1,170,hidden_disposal,"(110.06297302246094, 118.86380004882812)",0.00,0.00,N/A,N/A,N/A
2025-12-11 07:21:53,Camera1,170,hidden_disposal,"(122.03469848632812, 114.79312133789062)",0.00,0.00,N/A,N/A,N/A
2025-12-11 07:21:53,Camera1,170,hidden_disposal,"(126.0500259399414, 117.58560180664062)",0.00,0.00,N/A,N/A,N/A
2025-12-11 07:21:54,Camera1,170,unloading,"(137.41619873046875, 124.82962036132812)",0.00,0.00,N/A,N/A,N/A
2025-12-11 07:21:54,Camera1,170,hidden_disposal,"(137.41619873046875, 124.82962036132812)",0.00,0.00,N/A,N/A,N/A
2025-12-11 07:21:55,Camera1,170,hidden_disposal,"(141.50709533691406, 126.15228271484375)",0.00,0.00,N/A,N/A,N/A
2025-12-11 07:21:56,Camera1,170,hidden_disposal,"(144.58108520507812, 127.67901611328125)",0.00,0.00,N/A,N/A,N/A
2025-12-11 07:21:57,Camera1,170,hidden_disposal,"(154.0395050048828, 130.20880126953125)",0.00,0.00,N/A,N/A,N/A
2025-12-11 07:21:57,Camera1,170,hidden_disposal,"(158.96505737304688, 136.84112548828125)",0.00,0.00,N/A,N/A,N/A
2025-12-11 07:21:58,Camera1,170,hidden_disposal,"(168.74440002441406, 141.48072814941406)",0.00,0.00,N/A,N/A,N/A
2025-12-11 07:21:59,Camera1,170,hidden_disposal,"(171.02548217773438, 145.17005920410156)",0.00,0.00,N/A,N/A,N/A
2025-12-11 07:22:00,Camera1,170,hidden_disposal,"(173.9634246826172, 146.75845336914062)",0.00,0.00,N/A,N/A,N/A
2025-12-11 07:22:01,Camera1,170,hidden_disposal,"(183.06336975097656, 150.83013916015625)",0.00,0.00,N/A,N/A,N/A
2025-12-11 07:22:01,Camera1,170,hidden_disposal,"(187.8944091796875, 153.57180786132812)",0.00,0.00,N/A,N/A,N/A
2025-12-11 07:22:02,Camera1,170,hidden_disposal,"(192.42315673828125, 154.54864501953125)",0.00,0.00,N/A,N/A,N/A
2025-12-11 07:22:03,Camera1,170,hidden_disposal,"(197.0454864501953, 158.99905395507812)",0.00,0.00,N/A,N/A,N/A
2025-12-11 07:22:04,Camera1,170,hidden_disposal,"(198.83721923828125, 161.34197998046875)",0.00,0.00,N/A,N/A,N/A
2025-12-11 07:22:04,Camera1,170,hidden_disposal,"(204.90725708007812, 166.9198760986328)",0.00,0.00,N/A,N/A,N/A
2025-12-11 07:22:05,Camera1,170,hidden_disposal,"(205.54827880859375, 166.94830322265625)",0.00,0.00,N/A,N/A,N/A
2025-12-11 07:22:06,Camera1,170,hidden_disposal,"(211.87918090820312, 170.80264282226562)",0.00,0.00,N/A,N/A,N/A
2025-12-11 07:22:07,Camera1,170,hidden_disposal,"(215.46319580078125, 175.86618041992188)",0.00,0.00,N/A,N/A,N/A
2025-12-11 07:22:07,Camera1,170,hidden_disposal,"(216.9657440185547, 175.50135803222656)",0.00,0.00,N/A,N/A,N/A
2025-12-11 07:22:08,Camera1,176,unloading,"(9.576103210449219, 221.74659729003906)",0.00,0.00,N/A,N/A,N/A
2025-12-11 07:22:08,Camera1,176,hidden_disposal,"(9.576103210449219, 221.74659729003906)",0.00,0.00,N/A,N/A,N/A
2025-12-11 07:22:08,Camera1,170,hidden_disposal,"(228.40240478515625, 170.72592163085938)",0.00,0.00,N/A,N/A,N/A
2025-12-11 07:22:09,Camera1,170,hidden_disposal,"(229.85313415527344, 168.36465454101562)",0.00,0.00,N/A,N/A,N/A
2025-12-11 07:22:10,Camera1,170,unloading,"(237.9180145263672, 160.6494140625)",0.00,0.00,N/A,N/A,N/A
2025-12-11 07:22:10,Camera1,170,hidden_disposal,"(237.9180145263672, 160.6494140625)",0.00,0.00,N/A,N/A,N/A
2025-12-11 07:22:11,Camera1,170,hidden_disposal,"(244.4707794189453, 157.94589233398438)",0.00,0.00,N/A,N/A,N/A
2025-12-11 07:22:11,Camera1,170,hidden_disposal,"(247.0325469970703, 155.70094299316406)",0.00,0.00,N/A,N/A,N/A
2025-12-11 07:22:12,Camera1,170,hidden_disposal,"(257.7086181640625, 150.53805541992188)",0.00,0.00,N/A,N/A,N/A
2025-12-11 07:22:13,Camera1,170,hidden_disposal,"(265.8294982910156, 147.38816833496094)",0.00,0.00,N/A,N/A,N/A
2025-12-11 07:22:14,Camera1,170,hidden_disposal,"(274.23876953125, 146.2769775390625)",0.00,0.00,N/A,N/A,N/A
2025-12-11 07:22:15,Camera1,170,hidden_disposal,"(282.14361572265625, 144.13644409179688)",0.00,0.00,N/A,N/A,N/A
2025-12-11 07:22:15,Camera1,170,hidden_disposal,"(284.3875732421875, 144.06063842773438)",0.00,0.00,N/A,N/A,N/A
2025-12-11 07:22:16,Camera1,170,hidden_disposal,"(292.64385986328125, 142.86268615722656)",0.00,0.00,N/A,N/A,N/A
2025-12-11 07:22:17,Camera1,170,hidden_disposal,"(295.13616943359375, 140.68478393554688)",0.00,0.00,N/A,N/A,N/A
2025-12-11 07:22:18,Camera1,180,unloading,"(499.8333740234375, 16.72390365600586)",0.00,0.00,N/A,N/A,N/A
2025-12-11 07:22:18,Camera1,180,hidden_disposal,"(499.8333740234375, 16.72390365600586)",0.00,0.00,N/A,N/A,N/A
2025-12-11 07:22:18,Camera1,170,hidden_disposal,"(304.18109130859375, 140.45196533203125)",0.00,0.00,N/A,N/A,N/A
2025-12-11 07:22:19,Camera1,183,unloading,"(494.2081298828125, 20.442707061767578)",0.00,0.00,N/A,N/A,N/A
2025-12-11 07:22:19,Camera1,183,hidden_disposal,"(494.2081298828125, 20.442707061767578)",0.00,0.00,N/A,N/A,N/A
2025-12-11 07:22:19,Camera1,170,hidden_disposal,"(307.49493408203125, 139.34251403808594)",0.00,0.00,N/A,N/A,N/A
2025-12-11 07:22:20,Camera1,170,hidden_disposal,"(310.2618713378906, 139.2658233642578)",0.00,0.00,N/A,N/A,N/A
2025-12-11 07:22:20,Camera1,181,hidden_disposal,"(233.07803344726562, 31.57938003540039)",0.00,0.00,N/A,N/A,N/A
2025-12-11 07:22:22,Camera1,190,unloading,"(184.8952178955078, 161.32809448242188)",0.00,0.00,N/A,N/A,N/A
2025-12-11 07:22:22,Camera1,190,hidden_disposal,"(184.8952178955078, 161.32809448242188)",0.00,0.00,N/A,N/A,N/A
2025-12-11 07:22:22,Camera1,191,unloading,"(504.27593994140625, 242.96646118164062)",0.00,0.00,N/A,N/A,N/A
2025-12-11 07:22:22,Camera1,191,hidden_disposal,"(504.27593994140625, 242.96646118164062)",0.00,0.00,N/A,N/A,N/A
2025-12-11 07:22:22,Camera1,192,unloading,"(175.43618774414062, 137.6106719970703)",0.00,0.00,N/A,N/A,N/A
2025-12-11 07:22:22,Camera1,192,hidden_disposal,"(175.43618774414062, 137.6106719970703)",0.00,0.00,N/A,N/A,N/A
2025-12-11 07:22:22,Camera1,194,unloading,"(140.19032287597656, 125.75360107421875)",0.00,0.00,N/A,N/A,N/A
2025-12-11 07:22:22,Camera1,194,hidden_disposal,"(140.19032287597656, 125.75360107421875)",0.00,0.00,N/A,N/A,N/A
2025-12-11 07:22:22,Camera1,195,unloading,"(402.71270751953125, 224.5821533203125)",0.00,0.00,N/A,N/A,N/A
2025-12-11 07:22:22,Camera1,195,hidden_disposal,"(402.71270751953125, 224.5821533203125)",0.00,0.00,N/A,N/A,N/A
2025-12-11 07:22:22,Camera1,196,unloading,"(271.572509765625, 129.11959838867188)",0.00,0.00,N/A,N/A,N/A
2025-12-11 07:22:22,Camera1,196,hidden_disposal,"(271.572509765625, 129.11959838867188)",0.00,0.00,N/A,N/A,N/A
2025-12-11 07:22:22,Camera1,198,unloading,"(93.70354461669922, 254.4244384765625)",0.00,0.00,N/A,N/A,N/A
2025-12-11 07:22:22,Camera1,198,hidden_disposal,"(93.70354461669922, 254.4244384765625)",0.00,0.00,N/A,N/A,N/A
2025-12-11 07:22:22,Camera1,202,unloading,"(177.15957641601562, 103.39216613769531)",0.00,0.00,N/A,N/A,N/A
2025-12-11 07:22:22,Camera1,202,hidden_disposal,"(177.15957641601562, 103.39216613769531)",0.00,0.00,N/A,N/A,N/A
2025-12-11 07:22:22,Camera1,204,unloading,"(273.49456787109375, 78.68284606933594)",0.00,0.00,N/A,N/A,N/A
2025-12-11 07:22:22,Camera1,204,hidden_disposal,"(273.49456787109375, 78.68284606933594)",0.00,0.00,N/A,N/A,N/A
2025-12-11 07:22:22,Camera1,205,unloading,"(266.2501525878906, 98.95228576660156)",0.00,0.00,N/A,N/A,N/A
2025-12-11 07:22:22,Camera1,205,hidden_disposal,"(266.2501525878906, 98.95228576660156)",0.00,0.00,N/A,N/A,N/A
2025-12-11 07:22:24,Camera1,190,hidden_disposal,"(185.30921936035156, 161.92630004882812)",0.00,0.00,N/A,N/A,N/A
2025-12-11 07:22:24,Camera1,192,hidden_disposal,"(175.57022094726562, 138.5126953125)",0.00,0.00,N/A,N/A,N/A
2025-12-11 07:22:24,Camera1,193,hidden_disposal,"(140.98777770996094, 89.52870178222656)",0.00,0.00,N/A,N/A,N/A
2025-12-11 07:22:24,Camera1,194,hidden_disposal,"(140.81610107421875, 127.447265625)",0.00,0.00,N/A,N/A,N/A
2025-12-11 07:22:24,Camera1,195,hidden_disposal,"(401.96044921875, 224.63592529296875)",0.00,0.00,N/A,N/A,N/A
2025-12-11 07:22:24,Camera1,196,hidden_disposal,"(271.79010009765625, 129.38040161132812)",0.00,0.00,N/A,N/A,N/A
2025-12-11 07:22:24,Camera1,197,hidden_disposal,"(188.1724853515625, 111.06228637695312)",0.00,0.00,N/A,N/A,N/A
2025-12-11 07:22:24,Camera1,198,hidden_disposal,"(94.07437133789062, 255.16085815429688)",0.00,0.00,N/A,N/A,N/A
2025-12-11 07:22:24,Camera1,199,hidden_disposal,"(148.833740234375, 76.43321228027344)",0.00,0.00,N/A,N/A,N/A
2025-12-11 07:22:24,Camera1,200,hidden_disposal,"(262.562744140625, 94.4825439453125)",0.00,0.00,N/A,N/A,N/A
2025-12-11 07:22:24,Camera1,202,hidden_disposal,"(177.62869262695312, 104.2394790649414)",0.00,0.00,N/A,N/A,N/A
2025-12-11 07:22:24,Camera1,203,hidden_disposal,"(212.29209899902344, 114.93499755859375)",0.00,0.00,N/A,N/A,N/A
2025-12-11 07:22:24,Camera1,204,hidden_disposal,"(271.60479736328125, 81.8124771118164)",0.00,0.00,N/A,N/A,N/A
2025-12-11 07:22:24,Camera1,205,hidden_disposal,"(270.55157470703125, 102.47108459472656)",0.00,0.00,N/A,N/A,N/A
2025-12-11 07:22:24,Camera1,191,hidden_disposal,"(504.27392578125, 242.9936065673828)",0.00,0.00,N/A,N/A,N/A
2025-12-11 07:22:26,Camera1,190,hidden_disposal,"(186.13052368164062, 161.46896362304688)",0.71,0.00,N/A,N/A,N/A
2025-12-11 07:22:26,Camera1,199,hidden_disposal,"(148.27908325195312, 77.03398132324219)",0.54,0.00,N/A,N/A,N/A
2025-12-11 07:22:26,Camera1,192,hidden_disposal,"(177.057861328125, 137.6937713623047)",0.79,0.00,N/A,N/A,N/A
2025-12-11 07:22:26,Camera1,194,hidden_disposal,"(141.52142333984375, 127.11903381347656)",0.79,0.00,N/A,N/A,N/A
2025-12-11 07:22:26,Camera1,196,hidden_disposal,"(271.65020751953125, 129.08615112304688)",0.26,0.00,N/A,N/A,N/A
2025-12-11 07:22:26,Camera1,197,hidden_disposal,"(188.70907592773438, 111.06741333007812)",0.46,0.00,N/A,N/A,N/A
2025-12-11 07:22:26,Camera1,193,hidden_disposal,"(140.66574096679688, 89.99819946289062)",0.40,0.00,N/A,N/A,N/A
2025-12-11 07:22:26,Camera1,202,hidden_disposal,"(178.1458740234375, 104.02529907226562)",0.57,0.00,N/A,N/A,N/A
2025-12-11 07:22:26,Camera1,200,hidden_disposal,"(262.55841064453125, 94.49542236328125)",0.09,0.00,N/A,N/A,N/A
2025-12-11 07:22:26,Camera1,203,hidden_disposal,"(212.56591796875, 115.01823425292969)",0.41,0.00,N/A,N/A,N/A
2025-12-11 07:22:26,Camera1,204,hidden_disposal,"(271.57269287109375, 81.77488708496094)",0.00,0.00,N/A,N/A,N/A
2025-12-11 07:22:26,Camera1,205,hidden_disposal,"(270.54547119140625, 102.48930358886719)",0.10,0.00,N/A,N/A,N/A
2025-12-11 07:22:26,Camera1,198,hidden_disposal,"(95.49932098388672, 252.91119384765625)",0.00,0.00,N/A,N/A,N/A
2025-12-11 07:22:27,Camera1,192,unloading,"(178.432373046875, 136.045166015625)",2.55,0.00,N/A,N/A,N/A
2025-12-11 07:22:27,Camera1,199,unloading,"(146.31365966796875, 77.31883239746094)",0.93,0.00,N/A,N/A,N/A
2025-12-11 07:22:27,Camera1,199,hidden_disposal,"(146.31365966796875, 77.31883239746094)",0.93,0.00,N/A,N/A,N/A
2025-12-11 07:22:27,Camera1,196,unloading,"(271.2689514160156, 127.84251403808594)",1.31,0.00,N/A,N/A,N/A
2025-12-11 07:22:27,Camera1,193,unloading,"(138.22386169433594, 90.34149169921875)",1.22,0.00,N/A,N/A,N/A
2025-12-11 07:22:27,Camera1,194,unloading,"(143.9674072265625, 125.66294860839844)",2.93,0.00,N/A,N/A,N/A
2025-12-11 07:22:27,Camera1,197,unloading,"(190.38551330566406, 110.32819366455078)",1.94,0.00,N/A,N/A,N/A
2025-12-11 07:22:27,Camera1,200,unloading,"(262.3812255859375, 93.75759887695312)",0.85,0.00,N/A,N/A,N/A
2025-12-11 07:22:27,Camera1,200,hidden_disposal,"(262.3812255859375, 93.75759887695312)",0.85,0.00,N/A,N/A,N/A
2025-12-11 07:22:27,Camera1,204,unloading,"(271.254638671875, 82.03164672851562)",0.61,0.00,N/A,N/A,N/A
2025-12-11 07:22:27,Camera1,204,hidden_disposal,"(271.254638671875, 82.03164672851562)",0.61,0.00,N/A,N/A,N/A
2025-12-11 07:22:27,Camera1,202,unloading,"(179.95797729492188, 102.50659942626953)",2.32,0.00,N/A,N/A,N/A
2025-12-11 07:22:27,Camera1,203,unloading,"(213.11749267578125, 113.01229858398438)",1.64,0.00,N/A,N/A,N/A
2025-12-11 07:22:27,Camera1,190,unloading,"(187.19815063476562, 159.7178955078125)",0.00,0.00,N/A,N/A,N/A
2025-12-11 07:22:27,Camera1,190,hidden_disposal,"(187.19815063476562, 159.7178955078125)",0.00,0.00,N/A,N/A,N/A
2025-12-11 07:22:29,Camera1,199,hidden_disposal,"(145.8006591796875, 77.19648742675781)",0.42,0.00,N/A,N/A,N/A
2025-12-11 07:22:29,Camera1,192,hidden_disposal,"(179.07420349121094, 135.71810913085938)",0.95,0.00,N/A,N/A,N/A
2025-12-11 07:22:29,Camera1,193,hidden_disposal,"(137.78213500976562, 90.66438293457031)",0.39,0.00,N/A,N/A,N/A
2025-12-11 07:22:29,Camera1,196,hidden_disposal,"(271.25494384765625, 127.54251098632812)",0.38,0.00,N/A,N/A,N/A
2025-12-11 07:22:29,Camera1,194,hidden_disposal,"(144.71511840820312, 125.07144165039062)",0.89,0.00,N/A,N/A,N/A
2025-12-11 07:22:29,Camera1,200,hidden_disposal,"(262.3621520996094, 93.26901245117188)",0.25,0.00,N/A,N/A,N/A
2025-12-11 07:22:29,Camera1,197,hidden_disposal,"(191.20594787597656, 109.85643005371094)",0.47,0.00,N/A,N/A,N/A
2025-12-11 07:22:29,Camera1,202,hidden_disposal,"(180.71990966796875, 102.180419921875)",0.68,0.00,N/A,N/A,N/A
2025-12-11 07:22:29,Camera1,204,hidden_disposal,"(271.1718444824219, 82.03700256347656)",0.19,0.00,N/A,N/A,N/A
2025-12-11 07:22:29,Camera1,203,hidden_disposal,"(213.446044921875, 112.53695678710938)",0.44,0.00,N/A,N/A,N/A
2025-12-11 07:22:29,Camera1,190,hidden_disposal,"(187.66793823242188, 159.19503784179688)",0.00,0.00,N/A,N/A,N/A
2025-12-11 07:22:31,Camera1,199,hidden_disposal,"(144.7442626953125, 77.96189880371094)",0.60,0.00,N/A,N/A,N/A
2025-12-11 07:22:31,Camera1,196,hidden_disposal,"(271.265625, 126.50665283203125)",0.82,0.00,N/A,N/A,N/A
2025-12-11 07:22:31,Camera1,200,hidden_disposal,"(262.0492248535156, 92.76531219482422)",0.44,0.00,N/A,N/A,N/A
2025-12-11 07:22:31,Camera1,193,hidden_disposal,"(136.27316284179688, 91.46986389160156)",0.72,0.00,N/A,N/A,N/A
2025-12-11 07:22:31,Camera1,204,hidden_disposal,"(271.67730712890625, 81.57797241210938)",0.54,0.00,N/A,N/A,N/A
2025-12-11 07:22:31,Camera1,195,unloading,"(394.9573669433594, 219.66848754882812)",1.95,0.00,N/A,N/A,N/A
2025-12-11 07:22:31,Camera1,222,hidden_disposal,"(152.23980712890625, 63.62373352050781)",0.54,0.00,N/A,N/A,N/A
2025-12-11 07:22:31,Camera1,198,hidden_disposal,"(103.68794250488281, 244.6785888671875)",0.00,0.00,N/A,N/A,N/A
2025-12-11 07:22:33,Camera1,196,hidden_disposal,"(271.3737487792969, 126.03607177734375)",0.69,0.00,N/A,N/A,N/A
2025-12-11 07:22:33,Camera1,192,unloading,"(181.94595336914062, 133.1214599609375)",1.59,0.00,N/A,N/A,N/A
2025-12-11 07:22:33,Camera1,199,unloading,"(144.07720947265625, 78.12714385986328)",0.62,0.00,N/A,N/A,N/A
2025-12-11 07:22:33,Camera1,199,hidden_disposal,"(144.07720947265625, 78.12714385986328)",0.62,0.00,N/A,N/A,N/A
2025-12-11 07:22:33,Camera1,194,unloading,"(147.91702270507812, 122.74050903320312)",1.76,0.00,N/A,N/A,N/A
2025-12-11 07:22:33,Camera1,203,unloading,"(214.4355010986328, 111.24065399169922)",0.89,0.00,N/A,N/A,N/A
2025-12-11 07:22:33,Camera1,203,hidden_disposal,"(214.4355010986328, 111.24065399169922)",0.89,0.00,N/A,N/A,N/A
2025-12-11 07:22:33,Camera1,202,unloading,"(183.1547393798828, 100.76190185546875)",1.21,0.00,N/A,N/A,N/A
2025-12-11 07:22:33,Camera1,200,unloading,"(262.2225341796875, 92.25746154785156)",0.39,0.00,N/A,N/A,N/A
2025-12-11 07:22:33,Camera1,200,hidden_disposal,"(262.2225341796875, 92.25746154785156)",0.39,0.00,N/A,N/A,N/A
2025-12-11 07:22:33,Camera1,197,unloading,"(192.97695922851562, 108.24278259277344)",1.01,0.00,N/A,N/A,N/A
2025-12-11 07:22:33,Camera1,204,unloading,"(271.83154296875, 81.31843566894531)",0.23,0.00,N/A,N/A,N/A
2025-12-11 07:22:33,Camera1,204,hidden_disposal,"(271.83154296875, 81.31843566894531)",0.23,0.00,N/A,N/A,N/A
2025-12-11 07:22:33,Camera1,193,unloading,"(134.21807861328125, 92.42189025878906)",0.82,0.00,N/A,N/A,N/A
2025-12-11 07:22:33,Camera1,193,hidden_disposal,"(134.21807861328125, 92.42189025878906)",0.82,0.00,N/A,N/A,N/A
2025-12-11 07:22:33,Camera1,198,hidden_disposal,"(107.66012573242188, 242.41607666015625)",0.00,0.00,N/A,N/A,N/A
2025-12-11 07:22:35,Camera1,196,hidden_disposal,"(271.3487548828125, 125.30654907226562)",0.85,0.00,N/A,N/A,N/A
2025-12-11 07:22:35,Camera1,199,hidden_disposal,"(143.779541015625, 78.64273071289062)",0.64,0.00,N/A,N/A,N/A
2025-12-11 07:22:35,Camera1,195,unloading,"(391.609130859375, 218.12811279296875)",1.98,0.00,N/A,N/A,N/A
2025-12-11 07:22:35,Camera1,193,hidden_disposal,"(133.22262573242188, 93.31103515625)",0.91,0.00,N/A,N/A,N/A
2025-12-11 07:22:35,Camera1,204,hidden_disposal,"(271.7652587890625, 80.67524719238281)",0.47,0.00,N/A,N/A,N/A
2025-12-11 07:22:35,Camera1,200,hidden_disposal,"(262.071044921875, 91.64601135253906)",0.49,0.00,N/A,N/A,N/A
2025-12-11 07:22:36,Camera1,200,hidden_disposal,"(261.74664306640625, 91.06907653808594)",0.74,0.00,N/A,N/A,N/A
2025-12-11 07:22:36,Camera1,204,hidden_disposal,"(271.9676513671875, 79.97469329833984)",0.55,0.00,N/A,N/A,N/A
2025-12-11 07:22:36,Camera1,198,hidden_disposal,"(114.31756591796875, 234.1402587890625)",0.00,0.00,N/A,N/A,N/A
2025-12-11 07:22:38,Camera1,193,hidden_disposal,"(131.8292999267578, 93.16026306152344)",0.42,0.00,N/A,N/A,N/A
2025-12-11 07:22:38,Camera1,194,unloading,"(152.75331115722656, 119.60212707519531)",1.02,0.00,N/A,N/A,N/A
2025-12-11 07:22:38,Camera1,196,hidden_disposal,"(271.19342041015625, 124.25137329101562)",0.26,0.00,N/A,N/A,N/A
2025-12-11 07:22:38,Camera1,192,unloading,"(185.42108154296875, 130.12918090820312)",0.94,0.00,N/A,N/A,N/A
2025-12-11 07:22:38,Camera1,192,hidden_disposal,"(185.42108154296875, 130.12918090820312)",0.94,0.00,N/A,N/A,N/A
2025-12-11 07:22:38,Camera1,203,unloading,"(217.6811065673828, 108.87295532226562)",0.54,0.00,N/A,N/A,N/A
2025-12-11 07:22:38,Camera1,203,hidden_disposal,"(217.6811065673828, 108.87295532226562)",0.54,0.00,N/A,N/A,N/A
2025-12-11 07:22:38,Camera1,199,unloading,"(141.81771850585938, 79.41444396972656)",0.33,0.00,N/A,N/A,N/A
2025-12-11 07:22:38,Camera1,199,hidden_disposal,"(141.81771850585938, 79.41444396972656)",0.33,0.00,N/A,N/A,N/A
2025-12-11 07:22:38,Camera1,195,hidden_disposal,"(387.3909912109375, 216.35562133789062)",0.93,0.00,N/A,N/A,N/A
2025-12-11 07:22:38,Camera1,200,unloading,"(261.89031982421875, 90.9347152709961)",0.28,0.00,N/A,N/A,N/A
2025-12-11 07:22:38,Camera1,200,hidden_disposal,"(261.89031982421875, 90.9347152709961)",0.28,0.00,N/A,N/A,N/A
2025-12-11 07:22:38,Camera1,204,unloading,"(272.05096435546875, 79.79566955566406)",0.28,0.00,N/A,N/A,N/A
2025-12-11 07:22:38,Camera1,204,hidden_disposal,"(272.05096435546875, 79.79566955566406)",0.28,0.00,N/A,N/A,N/A
2025-12-11 07:22:38,Camera1,202,unloading,"(185.833251953125, 98.61567687988281)",0.66,0.00,N/A,N/A,N/A
2025-12-11 07:22:38,Camera1,202,hidden_disposal,"(185.833251953125, 98.61567687988281)",0.66,0.00,N/A,N/A,N/A
2025-12-11 07:22:38,Camera1,230,unloading,"(275.72998046875, 72.84992980957031)",0.26,0.00,N/A,N/A,N/A
2025-12-11 07:22:38,Camera1,230,hidden_disposal,"(275.72998046875, 72.84992980957031)",0.26,0.00,N/A,N/A,N/A
2025-12-11 07:22:38,Camera1,198,hidden_disposal,"(115.42823028564453, 233.93003845214844)",0.00,0.00,N/A,N/A,N/A
2025-12-11 07:22:40,Camera1,193,unloading,"(131.30856323242188, 92.84406280517578)",1.10,0.00,N/A,N/A,N/A
2025-12-11 07:22:40,Camera1,194,unloading,"(154.14859008789062, 118.7301025390625)",1.58,0.00,N/A,N/A,N/A
2025-12-11 07:22:40,Camera1,192,unloading,"(186.35958862304688, 129.43927001953125)",1.30,0.00,N/A,N/A,N/A
2025-12-11 07:22:40,Camera1,200,hidden_disposal,"(261.886962890625, 90.61833190917969)",0.27,0.00,N/A,N/A,N/A
2025-12-11 07:22:40,Camera1,196,hidden_disposal,"(271.1800537109375, 123.38011169433594)",0.72,0.00,N/A,N/A,N/A
2025-12-11 07:22:40,Camera1,199,unloading,"(140.41246032714844, 79.75076293945312)",0.74,0.00,N/A,N/A,N/A
2025-12-11 07:22:40,Camera1,199,hidden_disposal,"(140.41246032714844, 79.75076293945312)",0.74,0.00,N/A,N/A,N/A
2025-12-11 07:22:40,Camera1,203,unloading,"(218.6417999267578, 108.6427993774414)",1.02,0.00,N/A,N/A,N/A
2025-12-11 07:22:40,Camera1,204,hidden_disposal,"(271.966064453125, 79.6998062133789)",0.30,0.00,N/A,N/A,N/A
2025-12-11 07:22:40,Camera1,202,unloading,"(186.813720703125, 97.78484344482422)",1.27,0.00,N/A,N/A,N/A
2025-12-11 07:22:40,Camera1,230,hidden_disposal,"(276.15167236328125, 72.58232116699219)",0.31,0.00,N/A,N/A,N/A
2025-12-11 07:22:42,Camera1,200,unloading,"(261.27935791015625, 90.0836181640625)",0.53,0.00,N/A,N/A,N/A
2025-12-11 07:22:42,Camera1,200,hidden_disposal,"(261.27935791015625, 90.0836181640625)",0.53,0.00,N/A,N/A,N/A
2025-12-11 07:22:42,Camera1,196,unloading,"(271.06597900390625, 122.78707885742188)",0.65,0.00,N/A,N/A,N/A
2025-12-11 07:22:42,Camera1,196,hidden_disposal,"(271.06597900390625, 122.78707885742188)",0.65,0.00,N/A,N/A,N/A
2025-12-11 07:22:42,Camera1,199,hidden_disposal,"(139.37979125976562, 79.97102355957031)",0.80,0.00,N/A,N/A,N/A
2025-12-11 07:22:42,Camera1,204,unloading,"(271.8200988769531, 79.4062271118164)",0.30,0.00,N/A,N/A,N/A
2025-12-11 07:22:42,Camera1,204,hidden_disposal,"(271.8200988769531, 79.4062271118164)",0.30,0.00,N/A,N/A,N/A
2025-12-11 07:22:42,Camera1,230,unloading,"(276.84075927734375, 72.37561798095703)",0.28,0.00,N/A,N/A,N/A
2025-12-11 07:22:42,Camera1,230,hidden_disposal,"(276.84075927734375, 72.37561798095703)",0.28,0.00,N/A,N/A,N/A
2025-12-11 07:22:42,Camera1,198,hidden_disposal,"(120.21531677246094, 228.80673217773438)",0.00,0.00,N/A,N/A,N/A
2025-12-11 07:22:43,Camera1,203,unloading,"(220.65843200683594, 106.34394073486328)",1.37,0.00,N/A,N/A,N/A
2025-12-11 07:22:43,Camera1,192,unloading,"(189.08895874023438, 126.96197509765625)",1.70,0.00,N/A,N/A,N/A
2025-12-11 07:22:43,Camera1,193,unloading,"(130.0121612548828, 93.75248718261719)",0.79,0.00,N/A,N/A,N/A
2025-12-11 07:22:43,Camera1,193,hidden_disposal,"(130.0121612548828, 93.75248718261719)",0.79,0.00,N/A,N/A,N/A
2025-12-11 07:22:43,Camera1,200,unloading,"(261.6776428222656, 89.51200866699219)",0.79,0.00,N/A,N/A,N/A
2025-12-11 07:22:43,Camera1,200,hidden_disposal,"(261.6776428222656, 89.51200866699219)",0.79,0.00,N/A,N/A,N/A
2025-12-11 07:22:43,Camera1,196,unloading,"(271.0765686035156, 121.71746826171875)",1.00,0.00,N/A,N/A,N/A
2025-12-11 07:22:43,Camera1,196,hidden_disposal,"(271.0765686035156, 121.71746826171875)",1.00,0.00,N/A,N/A,N/A
2025-12-11 07:22:43,Camera1,194,unloading,"(156.84722900390625, 116.81661987304688)",1.91,0.00,N/A,N/A,N/A
2025-12-11 07:22:43,Camera1,204,unloading,"(271.5169677734375, 78.85066223144531)",0.78,0.00,N/A,N/A,N/A
2025-12-11 07:22:43,Camera1,204,hidden_disposal,"(271.5169677734375, 78.85066223144531)",0.78,0.00,N/A,N/A,N/A
2025-12-11 07:22:43,Camera1,199,unloading,"(138.58038330078125, 80.49260711669922)",0.48,0.00,N/A,N/A,N/A
2025-12-11 07:22:43,Camera1,199,hidden_disposal,"(138.58038330078125, 80.49260711669922)",0.48,0.00,N/A,N/A,N/A
2025-12-11 07:22:43,Camera1,234,unloading,"(157.5035400390625, 71.71238708496094)",0.55,0.00,N/A,N/A,N/A
2025-12-11 07:22:43,Camera1,234,hidden_disposal,"(157.5035400390625, 71.71238708496094)",0.55,0.00,N/A,N/A,N/A
2025-12-11 07:22:45,Camera1,192,hidden_disposal,"(189.30001831054688, 126.56039428710938)",0.50,0.00,N/A,N/A,N/A
2025-12-11 07:22:45,Camera1,200,hidden_disposal,"(261.26702880859375, 89.59514617919922)",0.21,0.00,N/A,N/A,N/A
2025-12-11 07:22:45,Camera1,203,hidden_disposal,"(220.933349609375, 106.13287353515625)",0.32,0.00,N/A,N/A,N/A
2025-12-11 07:22:45,Camera1,193,hidden_disposal,"(128.4076385498047, 94.42857360839844)",0.80,0.00,N/A,N/A,N/A
2025-12-11 07:22:45,Camera1,194,hidden_disposal,"(157.5062255859375, 116.48551940917969)",0.70,0.00,N/A,N/A,N/A
2025-12-11 07:22:45,Camera1,196,hidden_disposal,"(270.97076416015625, 121.58474731445312)",0.28,0.00,N/A,N/A,N/A
2025-12-11 07:22:45,Camera1,204,hidden_disposal,"(271.431396484375, 78.87896728515625)",0.07,0.00,N/A,N/A,N/A
2025-12-11 07:22:45,Camera1,199,hidden_disposal,"(137.88230895996094, 80.65113830566406)",0.55,0.00,N/A,N/A,N/A
2025-12-11 07:22:45,Camera1,234,hidden_disposal,"(156.87905883789062, 72.08477783203125)",0.57,0.00,N/A,N/A,N/A
2025-12-11 07:22:47,Camera1,196,unloading,"(270.6302490234375, 120.88919067382812)",1.06,0.00,N/A,N/A,N/A
2025-12-11 07:22:47,Camera1,195,unloading,"(378.1084289550781, 211.1513671875)",3.01,0.00,N/A,N/A,N/A
2025-12-11 07:22:47,Camera1,204,unloading,"(271.5067138671875, 77.81108093261719)",0.58,0.00,N/A,N/A,N/A
2025-12-11 07:22:47,Camera1,204,hidden_disposal,"(271.5067138671875, 77.81108093261719)",0.58,0.00,N/A,N/A,N/A
2025-12-11 07:22:47,Camera1,198,hidden_disposal,"(128.47360229492188, 221.261962890625)",0.00,0.00,N/A,N/A,N/A
2025-12-11 07:22:47,Camera1,200,unloading,"(261.1260070800781, 87.70866394042969)",0.00,0.00,N/A,N/A,N/A
2025-12-11 07:22:47,Camera1,200,hidden_disposal,"(261.1260070800781, 87.70866394042969)",0.00,0.00,N/A,N/A,N/A
2025-12-11 07:22:49,Camera1,200,hidden_disposal,"(261.2667236328125, 87.88548278808594)",0.50,0.00,N/A,N/A,N/A
2025-12-11 07:22:49,Camera1,196,hidden_disposal,"(270.46441650390625, 120.01243591308594)",0.69,0.00,N/A,N/A,N/A
2025-12-11 07:22:49,Camera1,193,unloading,"(123.19761657714844, 97.22648620605469)",1.61,0.00,N/A,N/A,N/A
2025-12-11 07:22:49,Camera1,199,hidden_disposal,"(135.56060791015625, 82.66093444824219)",0.83,0.00,N/A,N/A,N/A
2025-12-11 07:22:49,Camera1,234,hidden_disposal,"(154.60302734375, 72.0888900756836)",0.86,0.00,N/A,N/A,N/A
2025-12-11 07:22:49,Camera1,204,hidden_disposal,"(271.2987976074219, 77.34923553466797)",0.36,0.00,N/A,N/A,N/A
2025-12-11 07:22:49,Camera1,239,hidden_disposal,"(178.60263061523438, 68.97235870361328)",0.73,0.00,N/A,N/A,N/A
2025-12-11 07:22:49,Camera1,198,hidden_disposal,"(130.44635009765625, 218.93577575683594)",0.00,0.00,N/A,N/A,N/A
2025-12-11 07:22:51,Camera1,194,unloading,"(162.78993225097656, 113.61090087890625)",1.69,0.00,N/A,N/A,N/A
2025-12-11 07:22:51,Camera1,196,unloading,"(270.4892578125, 119.62278747558594)",0.61,0.00,N/A,N/A,N/A
2025-12-11 07:22:51,Camera1,196,hidden_disposal,"(270.4892578125, 119.62278747558594)",0.61,0.00,N/A,N/A,N/A
2025-12-11 07:22:51,Camera1,200,unloading,"(261.1501159667969, 87.59315490722656)",0.47,0.00,N/A,N/A,N/A
2025-12-11 07:22:51,Camera1,200,hidden_disposal,"(261.1501159667969, 87.59315490722656)",0.47,0.00,N/A,N/A,N/A
2025-12-11 07:22:51,Camera1,199,hidden_disposal,"(133.89364624023438, 82.72494506835938)",1.00,0.00,N/A,N/A,N/A
2025-12-11 07:22:51,Camera1,243,hidden_disposal,"(144.2090301513672, 63.27386474609375)",0.85,0.00,N/A,N/A,N/A
2025-12-11 07:22:51,Camera1,204,unloading,"(271.1470947265625, 76.8569564819336)",0.32,0.00,N/A,N/A,N/A
2025-12-11 07:22:51,Camera1,204,hidden_disposal,"(271.1470947265625, 76.8569564819336)",0.32,0.00,N/A,N/A,N/A
2025-12-11 07:22:51,Camera1,198,unloading,"(132.433837890625, 216.10086059570312)",0.00,0.00,N/A,N/A,N/A
2025-12-11 07:22:51,Camera1,198,hidden_disposal,"(132.433837890625, 216.10086059570312)",0.00,0.00,N/A,N/A,N/A
2025-12-11 07:22:52,Camera1,196,hidden_disposal,"(270.39727783203125, 119.04484558105469)",0.61,0.00,N/A,N/A,N/A
2025-12-11 07:22:52,Camera1,199,hidden_disposal,"(132.3869171142578, 82.72376251220703)",0.84,0.00,N/A,N/A,N/A
2025-12-11 07:22:52,Camera1,200,hidden_disposal,"(261.0701904296875, 87.34085083007812)",0.31,0.00,N/A,N/A,N/A
2025-12-11 07:22:52,Camera1,204,hidden_disposal,"(271.1961669921875, 76.74652099609375)",0.37,0.00,N/A,N/A,N/A
2025-12-11 07:22:54,Camera1,200,hidden_disposal,"(261.1466979980469, 87.16520690917969)",0.28,0.00,N/A,N/A,N/A
2025-12-11 07:22:54,Camera1,196,hidden_disposal,"(270.37542724609375, 118.69847106933594)",0.38,0.00,N/A,N/A,N/A
2025-12-11 07:22:54,Camera1,194,hidden_disposal,"(164.88436889648438, 112.04120635986328)",0.88,0.00,N/A,N/A,N/A
2025-12-11 07:22:54,Camera1,203,hidden_disposal,"(225.8717041015625, 102.47582244873047)",0.62,0.00,N/A,N/A,N/A
2025-12-11 07:22:54,Camera1,199,hidden_disposal,"(132.11083984375, 82.77391052246094)",0.36,0.00,N/A,N/A,N/A
2025-12-11 07:22:54,Camera1,193,hidden_disposal,"(120.664794921875, 98.06256103515625)",0.76,0.00,N/A,N/A,N/A
2025-12-11 07:22:54,Camera1,192,hidden_disposal,"(193.6641082763672, 122.24165344238281)",0.75,0.00,N/A,N/A,N/A
2025-12-11 07:22:54,Camera1,204,hidden_disposal,"(271.17108154296875, 76.42308044433594)",0.26,0.00,N/A,N/A,N/A
2025-12-11 07:22:55,Camera1,200,hidden_disposal,"(260.83685302734375, 86.68921661376953)",0.64,0.00,N/A,N/A,N/A
2025-12-11 07:22:55,Camera1,193,unloading,"(117.91021728515625, 99.02102661132812)",2.19,0.00,N/A,N/A,N/A
2025-12-11 07:22:55,Camera1,204,hidden_disposal,"(271.21307373046875, 76.3348617553711)",0.49,0.00,N/A,N/A,N/A
2025-12-11 07:22:55,Camera1,248,hidden_disposal,"(306.227294921875, 54.29528045654297)",0.35,0.00,N/A,N/A,N/A
2025-12-11 07:22:55,Camera1,198,hidden_disposal,"(138.68540954589844, 209.39114379882812)",0.00,0.00,N/A,N/A,N/A
2025-12-11 07:22:57,Camera1,196,unloading,"(270.2847595214844, 117.05320739746094)",0.68,0.00,N/A,N/A,N/A
2025-12-11 07:22:57,Camera1,196,hidden_disposal,"(270.2847595214844, 117.05320739746094)",0.68,0.00,N/A,N/A,N/A
2025-12-11 07:22:57,Camera1,194,unloading,"(168.30316162109375, 109.99929809570312)",1.52,0.00,N/A,N/A,N/A
2025-12-11 07:22:57,Camera1,200,unloading,"(260.8513488769531, 86.16766357421875)",0.43,0.00,N/A,N/A,N/A
2025-12-11 07:22:57,Camera1,200,hidden_disposal,"(260.8513488769531, 86.16766357421875)",0.43,0.00,N/A,N/A,N/A
2025-12-11 07:22:57,Camera1,203,unloading,"(228.16989135742188, 100.88258361816406)",1.14,0.00,N/A,N/A,N/A
2025-12-11 07:22:57,Camera1,199,unloading,"(130.57730102539062, 83.75703430175781)",0.88,0.00,N/A,N/A,N/A
2025-12-11 07:22:57,Camera1,199,hidden_disposal,"(130.57730102539062, 83.75703430175781)",0.88,0.00,N/A,N/A,N/A
2025-12-11 07:22:57,Camera1,193,unloading,"(117.23516845703125, 99.0438003540039)",1.38,0.00,N/A,N/A,N/A
2025-12-11 07:22:57,Camera1,198,unloading,"(141.61325073242188, 206.9417266845703)",0.00,0.00,N/A,N/A,N/A
2025-12-11 07:22:57,Camera1,198,hidden_disposal,"(141.61325073242188, 206.9417266845703)",0.00,0.00,N/A,N/A,N/A
2025-12-11 07:22:58,Camera1,252,unloading,"(566.7166137695312, 287.8738098144531)",0.00,0.00,N/A,N/A,N/A
2025-12-11 07:22:58,Camera1,252,hidden_disposal,"(566.7166137695312, 287.8738098144531)",0.00,0.00,N/A,N/A,N/A
2025-12-11 07:23:00,Camera1,256,hidden_disposal,"(244.56219482421875, 186.64752197265625)",0.69,0.00,N/A,N/A,N/A
2025-12-11 07:23:03,Camera1,252,hidden_disposal,"(484.1086120605469, 263.213623046875)",0.00,0.00,N/A,N/A,N/A
2025-12-11 07:23:04,Camera1,252,hidden_disposal,"(464.7962951660156, 250.48968505859375)",0.00,0.00,N/A,N/A,N/A
2025-12-11 07:23:05,Camera1,252,hidden_disposal,"(460.60687255859375, 245.51162719726562)",0.00,0.00,N/A,N/A,N/A
2025-12-11 07:23:05,Camera1,252,unloading,"(443.956298828125, 239.20196533203125)",0.00,0.00,N/A,N/A,N/A
2025-12-11 07:23:05,Camera1,252,hidden_disposal,"(443.956298828125, 239.20196533203125)",0.00,0.00,N/A,N/A,N/A
2025-12-11 07:23:06,Camera1,252,hidden_disposal,"(430.5325927734375, 233.20816040039062)",0.00,0.00,N/A,N/A,N/A
2025-12-11 07:23:07,Camera1,252,hidden_disposal,"(416.4144287109375, 226.49732971191406)",0.00,0.00,N/A,N/A,N/A
2025-12-11 07:23:08,Camera1,252,hidden_disposal,"(412.3902893066406, 223.51510620117188)",0.00,0.00,N/A,N/A,N/A
2025-12-11 07:23:08,Camera1,252,hidden_disposal,"(393.72540283203125, 212.3707275390625)",0.00,0.00,N/A,N/A,N/A
2025-12-11 07:23:09,Camera1,252,hidden_disposal,"(380.05657958984375, 206.14393615722656)",0.00,0.00,N/A,N/A,N/A
2025-12-11 07:23:10,Camera1,252,hidden_disposal,"(365.7466125488281, 199.87986755371094)",0.00,0.00,N/A,N/A,N/A
2025-12-11 07:23:11,Camera1,252,hidden_disposal,"(353.04083251953125, 192.66436767578125)",0.00,0.00,N/A,N/A,N/A
2025-12-11 07:23:11,Camera1,252,hidden_disposal,"(346.97393798828125, 189.06280517578125)",0.00,0.00,N/A,N/A,N/A
2025-12-11 07:23:12,Camera1,252,hidden_disposal,"(329.65087890625, 180.06826782226562)",0.00,0.00,N/A,N/A,N/A
2025-12-11 07:23:13,Camera1,252,hidden_disposal,"(319.13739013671875, 174.20333862304688)",0.00,0.00,N/A,N/A,N/A
2025-12-11 07:23:14,Camera1,252,hidden_disposal,"(306.28485107421875, 166.24713134765625)",0.00,0.00,N/A,N/A,N/A
2025-12-11 07:23:14,Camera1,252,hidden_disposal,"(299.2641906738281, 162.63311767578125)",0.00,0.00,N/A,N/A,N/A
2025-12-11 07:23:15,Camera1,266,unloading,"(419.5328369140625, 121.33355712890625)",0.00,0.00,N/A,N/A,N/A
2025-12-11 07:23:15,Camera1,266,hidden_disposal,"(419.5328369140625, 121.33355712890625)",0.00,0.00,N/A,N/A,N/A
2025-12-11 07:23:15,Camera1,252,unloading,"(293.5673828125, 161.58523559570312)",0.00,0.00,N/A,N/A,N/A
2025-12-11 07:23:15,Camera1,252,hidden_disposal,"(293.5673828125, 161.58523559570312)",0.00,0.00,N/A,N/A,N/A
2025-12-11 07:23:16,Camera1,266,hidden_disposal,"(417.06927490234375, 117.86929321289062)",0.00,0.00,N/A,N/A,N/A
2025-12-11 07:23:16,Camera1,266,hidden_disposal,"(416.9800109863281, 120.14691162109375)",0.00,0.00,N/A,N/A,N/A
2025-12-11 07:23:17,Camera1,266,unloading,"(416.02545166015625, 131.19595336914062)",0.58,0.00,N/A,N/A,N/A
2025-12-11 07:23:17,Camera1,266,hidden_disposal,"(416.02545166015625, 131.19595336914062)",0.58,0.00,N/A,N/A,N/A
2025-12-11 07:23:18,Camera1,252,hidden_disposal,"(244.22999572753906, 134.82797241210938)",0.00,0.00,N/A,N/A,N/A
2025-12-11 07:23:19,Camera1,266,unloading,"(416.0059509277344, 130.35784912109375)",0.17,0.00,N/A,N/A,N/A
2025-12-11 07:23:19,Camera1,266,hidden_disposal,"(416.0059509277344, 130.35784912109375)",0.17,0.00,N/A,N/A,N/A
2025-12-11 07:23:19,Camera1,252,hidden_disposal,"(237.91592407226562, 133.49478149414062)",0.00,0.00,N/A,N/A,N/A
2025-12-11 07:23:20,Camera1,266,hidden_disposal,"(416.04290771484375, 130.6899871826172)",0.65,0.00,N/A,N/A,N/A
2025-12-11 07:23:20,Camera1,252,hidden_disposal,"(217.12353515625, 124.0711669921875)",0.00,0.00,N/A,N/A,N/A
2025-12-11 07:23:20,Camera1,266,unloading,"(415.9587707519531, 130.8826141357422)",0.07,0.00,N/A,N/A,N/A
2025-12-11 07:23:20,Camera1,266,hidden_disposal,"(415.9587707519531, 130.8826141357422)",0.07,0.00,N/A,N/A,N/A
2025-12-11 07:23:20,Camera1,252,hidden_disposal,"(217.5128173828125, 124.15673828125)",0.00,0.00,N/A,N/A,N/A
2025-12-11 07:23:21,Camera1,266,hidden_disposal,"(415.77044677734375, 130.71084594726562)",0.32,0.00,N/A,N/A,N/A
2025-12-11 07:23:21,Camera1,252,unloading,"(207.16494750976562, 119.32553100585938)",0.00,0.00,N/A,N/A,N/A
2025-12-11 07:23:21,Camera1,252,hidden_disposal,"(207.16494750976562, 119.32553100585938)",0.00,0.00,N/A,N/A,N/A
2025-12-11 07:23:22,Camera1,266,hidden_disposal,"(415.95654296875, 130.39256286621094)",0.60,0.00,N/A,N/A,N/A
2025-12-11 07:23:22,Camera1,252,hidden_disposal,"(189.95703125, 108.66477966308594)",0.00,0.00,N/A,N/A,N/A
2025-12-11 07:23:23,Camera1,266,unloading,"(415.9646911621094, 130.8914031982422)",0.64,0.00,N/A,N/A,N/A
2025-12-11 07:23:23,Camera1,266,hidden_disposal,"(415.9646911621094, 130.8914031982422)",0.64,0.00,N/A,N/A,N/A
2025-12-11 07:23:23,Camera1,252,hidden_disposal,"(184.81729125976562, 105.7953872680664)",0.00,0.00,N/A,N/A,N/A
2025-12-11 07:23:24,Camera1,252,hidden_disposal,"(162.03286743164062, 98.06025695800781)",0.38,0.00,N/A,N/A,N/A
2025-12-11 07:23:24,Camera1,266,hidden_disposal,"(416.16455078125, 130.09315490722656)",0.00,0.00,N/A,N/A,N/A
2025-12-11 07:23:25,Camera1,266,unloading,"(416.31146240234375, 130.8501739501953)",1.02,0.00,N/A,N/A,N/A
2025-12-11 07:23:26,Camera1,266,unloading,"(415.9908447265625, 130.5775604248047)",0.75,0.00,N/A,N/A,N/A
2025-12-11 07:23:26,Camera1,266,hidden_disposal,"(415.9908447265625, 130.5775604248047)",0.75,0.00,N/A,N/A,N/A
2025-12-11 07:23:27,Camera1,266,hidden_disposal,"(416.0186767578125, 130.7400360107422)",0.27,0.00,N/A,N/A,N/A
2025-12-11 07:23:28,Camera1,266,hidden_disposal,"(415.8302001953125, 130.95956420898438)",0.73,0.00,N/A,N/A,N/A
2025-12-11 07:23:28,Camera1,252,hidden_disposal,"(113.43548583984375, 75.08588409423828)",0.00,0.00,N/A,N/A,N/A
2025-12-11 07:23:29,Camera1,266,hidden_disposal,"(415.9966735839844, 130.7275390625)",0.38,0.00,N/A,N/A,N/A
2025-12-11 07:23:29,Camera1,252,hidden_disposal,"(109.29365539550781, 73.12783813476562)",0.00,0.00,N/A,N/A,N/A
2025-12-11 07:23:30,Camera1,266,unloading,"(417.45098876953125, 130.83590698242188)",0.54,0.00,N/A,N/A,N/A
2025-12-11 07:23:30,Camera1,266,hidden_disposal,"(417.45098876953125, 130.83590698242188)",0.54,0.00,N/A,N/A,N/A
2025-12-11 07:23:30,Camera1,252,hidden_disposal,"(95.45054626464844, 68.1987533569336)",0.00,0.00,N/A,N/A,N/A
2025-12-11 07:23:30,Camera1,266,hidden_disposal,"(416.6339416503906, 131.20404052734375)",0.83,0.00,N/A,N/A,N/A
2025-12-11 07:23:30,Camera1,252,hidden_disposal,"(84.96675872802734, 62.77661895751953)",0.00,0.00,N/A,N/A,N/A
2025-12-11 07:23:31,Camera1,266,hidden_disposal,"(416.357421875, 131.01043701171875)",0.94,0.00,N/A,N/A,N/A
2025-12-11 07:23:31,Camera1,252,hidden_disposal,"(71.24934387207031, 67.80628967285156)",0.00,0.00,N/A,N/A,N/A
2025-12-11 07:23:32,Camera1,266,hidden_disposal,"(416.90155029296875, 131.30435180664062)",0.52,0.00,N/A,N/A,N/A
2025-12-11 07:23:32,Camera1,252,hidden_disposal,"(66.61825561523438, 59.672576904296875)",0.00,0.00,N/A,N/A,N/A
2025-12-11 07:23:33,Camera1,266,hidden_disposal,"(416.74755859375, 131.20196533203125)",0.25,0.00,N/A,N/A,N/A
2025-12-11 07:23:33,Camera1,252,hidden_disposal,"(63.90750503540039, 61.539146423339844)",0.00,0.00,N/A,N/A,N/A
2025-12-11 07:23:33,Camera1,266,unloading,"(417.0791015625, 130.94052124023438)",0.29,0.00,N/A,N/A,N/A
2025-12-11 07:23:33,Camera1,266,hidden_disposal,"(417.0791015625, 130.94052124023438)",0.29,0.00,N/A,N/A,N/A
2025-12-11 07:23:34,Camera1,266,hidden_disposal,"(417.3454895019531, 131.2164306640625)",0.29,0.00,N/A,N/A,N/A
2025-12-11 07:23:35,Camera1,266,hidden_disposal,"(416.79144287109375, 131.16180419921875)",0.08,0.00,N/A,N/A,N/A
2025-12-11 07:23:36,Camera1,266,hidden_disposal,"(416.55615234375, 131.1958465576172)",0.49,0.00,N/A,N/A,N/A
2025-12-11 07:23:37,Camera1,266,hidden_disposal,"(416.23681640625, 131.06747436523438)",0.15,0.00,N/A,N/A,N/A
2025-12-11 07:23:37,Camera1,266,hidden_disposal,"(415.97076416015625, 131.20269775390625)",0.50,0.00,N/A,N/A,N/A
2025-12-11 07:23:38,Camera1,266,hidden_disposal,"(415.7457275390625, 131.69097900390625)",0.83,0.00,N/A,N/A,N/A
2025-12-11 07:23:39,Camera1,266,hidden_disposal,"(415.6568908691406, 132.03834533691406)",0.31,0.00,N/A,N/A,N/A
2025-12-11 07:23:41,Camera1,266,hidden_disposal,"(415.46697998046875, 131.08155822753906)",0.48,0.00,N/A,N/A,N/A
2025-12-11 07:23:41,Camera1,266,unloading,"(414.56207275390625, 130.6720733642578)",0.54,0.00,N/A,N/A,N/A
2025-12-11 07:23:41,Camera1,266,hidden_disposal,"(414.56207275390625, 130.6720733642578)",0.54,0.00,N/A,N/A,N/A
2025-12-11 07:23:42,Camera1,266,hidden_disposal,"(415.044921875, 131.20962524414062)",0.34,0.00,N/A,N/A,N/A
2025-12-11 07:23:43,Camera1,266,hidden_disposal,"(415.0977783203125, 130.83482360839844)",0.36,0.00,N/A,N/A,N/A
2025-12-11 07:23:54,Camera1,290,unloading,"(603.1333618164062, 324.80120849609375)",0.00,0.00,N/A,N/A,N/A
2025-12-11 07:23:54,Camera1,290,hidden_disposal,"(603.1333618164062, 324.80120849609375)",0.00,0.00,N/A,N/A,N/A
2025-12-11 07:23:58,Camera1,290,hidden_disposal,"(564.5517578125, 293.78887939453125)",0.00,0.00,N/A,N/A,N/A
2025-12-11 07:23:59,Camera1,290,hidden_disposal,"(560.6884765625, 298.3978576660156)",0.00,0.00,N/A,N/A,N/A
2025-12-11 07:24:02,Camera1,290,unloading,"(504.07379150390625, 267.62884521484375)",0.00,0.00,N/A,N/A,N/A
2025-12-11 07:24:02,Camera1,290,hidden_disposal,"(504.07379150390625, 267.62884521484375)",0.00,0.00,N/A,N/A,N/A
2025-12-11 07:24:04,Camera1,290,hidden_disposal,"(479.9249267578125, 254.879638671875)",0.00,0.00,N/A,N/A,N/A
2025-12-11 07:24:04,Camera1,290,hidden_disposal,"(472.5038146972656, 251.65957641601562)",0.00,0.00,N/A,N/A,N/A
2025-12-11 07:24:12,Camera1,290,hidden_disposal,"(350.0745849609375, 197.88677978515625)",0.00,0.00,N/A,N/A,N/A
2025-12-11 07:24:14,Camera1,290,hidden_disposal,"(325.0023193359375, 184.95263671875)",0.00,0.00,N/A,N/A,N/A
2025-12-11 07:24:15,Camera1,290,hidden_disposal,"(298.7489013671875, 172.656494140625)",0.00,0.00,N/A,N/A,N/A
2025-12-11 07:24:17,Camera1,290,unloading,"(269.9906921386719, 159.61676025390625)",0.00,0.00,N/A,N/A,N/A
2025-12-11 07:24:17,Camera1,290,hidden_disposal,"(269.9906921386719, 159.61676025390625)",0.00,0.00,N/A,N/A,N/A
2025-12-11 07:24:17,Camera1,290,hidden_disposal,"(270.13262939453125, 159.66415405273438)",0.00,0.00,N/A,N/A,N/A
2025-12-11 07:24:19,Camera1,290,hidden_disposal,"(245.46969604492188, 149.98410034179688)",0.00,0.00,N/A,N/A,N/A
2025-12-11 07:24:21,Camera1,290,hidden_disposal,"(221.30557250976562, 137.478271484375)",0.00,0.00,N/A,N/A,N/A
2025-12-11 07:24:21,Camera1,290,hidden_disposal,"(214.89309692382812, 135.1918487548828)",0.00,0.00,N/A,N/A,N/A
2025-12-11 07:24:23,Camera1,290,hidden_disposal,"(194.28073120117188, 124.52949523925781)",0.00,0.00,N/A,N/A,N/A
2025-12-11 07:24:24,Camera1,290,hidden_disposal,"(188.9457550048828, 123.26324462890625)",0.00,0.00,N/A,N/A,N/A
2025-12-11 07:24:25,Camera1,290,hidden_disposal,"(170.1740264892578, 115.25736999511719)",0.04,0.00,N/A,N/A,N/A
2025-12-11 07:24:27,Camera1,290,hidden_disposal,"(138.5455322265625, 103.30343627929688)",0.00,0.00,N/A,N/A,N/A
2025-12-11 07:24:28,Camera1,290,hidden_disposal,"(121.57127380371094, 94.58363342285156)",0.00,0.00,N/A,N/A,N/A
2025-12-11 07:24:29,Camera1,290,hidden_disposal,"(115.73869323730469, 91.22166442871094)",0.00,0.00,N/A,N/A,N/A
2025-12-11 07:24:30,Camera1,290,hidden_disposal,"(111.43385314941406, 89.68595886230469)",0.00,0.00,N/A,N/A,N/A
2025-12-11 07:24:30,Camera1,290,hidden_disposal,"(99.23260498046875, 79.99440002441406)",0.00,0.00,N/A,N/A,N/A
2025-12-11 07:24:31,Camera1,290,hidden_disposal,"(89.36299133300781, 72.97149658203125)",0.00,0.00,N/A,N/A,N/A
2025-12-11 07:24:32,Camera1,290,hidden_disposal,"(77.39559936523438, 72.71121215820312)",0.00,0.00,N/A,N/A,N/A
2025-12-11 07:24:33,Camera1,290,hidden_disposal,"(73.97320556640625, 69.366455078125)",0.00,0.00,N/A,N/A,N/A
2025-12-11 07:24:34,Camera1,290,hidden_disposal,"(33.793113708496094, 67.0177001953125)",0.00,0.00,N/A,N/A,N/A
2025-12-11 07:24:35,Camera1,290,hidden_disposal,"(22.5435791015625, 74.43123626708984)",0.00,0.00,N/A,N/A,N/A
2025-12-11 07:24:49,Camera1,326,unloading,"(245.2379913330078, 168.92184448242188)",0.00,0.00,N/A,N/A,N/A
2025-12-11 07:24:49,Camera1,326,hidden_disposal,"(245.2379913330078, 168.92184448242188)",0.00,0.00,N/A,N/A,N/A
2025-12-11 07:24:49,Camera1,326,hidden_disposal,"(243.71316528320312, 168.38778686523438)",0.00,0.00,N/A,N/A,N/A
2025-12-11 07:24:50,Camera1,326,hidden_disposal,"(246.38218688964844, 169.52841186523438)",0.00,0.00,N/A,N/A,N/A
2025-12-11 07:24:50,Camera1,326,hidden_disposal,"(248.9048309326172, 167.05780029296875)",0.00,0.00,N/A,N/A,N/A
2025-12-11 07:24:51,Camera1,326,hidden_disposal,"(249.08041381835938, 168.21519470214844)",0.00,0.00,N/A,N/A,N/A
2025-12-11 07:24:52,Camera1,326,hidden_disposal,"(249.60458374023438, 168.4036865234375)",0.00,0.00,N/A,N/A,N/A
2025-12-11 07:24:52,Camera1,326,hidden_disposal,"(249.93902587890625, 167.48849487304688)",0.00,0.00,N/A,N/A,N/A
2025-12-11 07:24:53,Camera1,326,hidden_disposal,"(251.1935272216797, 167.49740600585938)",0.00,0.00,N/A,N/A,N/A
2025-12-11 07:24:54,Camera1,326,hidden_disposal,"(251.15069580078125, 168.83013916015625)",0.00,0.00,N/A,N/A,N/A
2025-12-11 07:24:54,Camera1,326,hidden_disposal,"(247.89907836914062, 166.71469116210938)",0.00,0.00,N/A,N/A,N/A
2025-12-11 07:24:55,Camera1,326,hidden_disposal,"(246.3880157470703, 168.45541381835938)",0.00,0.00,N/A,N/A,N/A
2025-12-11 07:24:56,Camera1,326,hidden_disposal,"(241.36514282226562, 171.06338500976562)",0.00,0.00,N/A,N/A,N/A
2025-12-11 07:24:56,Camera1,326,hidden_disposal,"(233.61000061035156, 174.8385467529297)",0.00,0.00,N/A,N/A,N/A
2025-12-11 07:24:57,Camera1,326,hidden_disposal,"(230.48960876464844, 173.76260375976562)",0.00,0.00,N/A,N/A,N/A
2025-12-11 07:25:01,Camera1,334,unloading,"(6.465012073516846, 144.88735961914062)",0.00,0.00,N/A,N/A,N/A
2025-12-11 07:25:01,Camera1,334,hidden_disposal,"(6.465012073516846, 144.88735961914062)",0.00,0.00,N/A,N/A,N/A
2025-12-11 07:25:03,Camera1,331,hidden_disposal,"(152.84519958496094, 170.68002319335938)",0.69,0.00,N/A,N/A,N/A
2025-12-11 07:25:03,Camera1,331,hidden_disposal,"(180.2099609375, 181.1005859375)",0.00,0.00,N/A,N/A,N/A
2025-12-11 07:25:04,Camera1,331,hidden_disposal,"(182.12896728515625, 179.87135314941406)",0.00,0.00,N/A,N/A,N/A
2025-12-11 07:25:05,Camera1,331,hidden_disposal,"(183.89593505859375, 179.1512451171875)",0.00,0.00,N/A,N/A,N/A
2025-12-11 07:25:05,Camera1,331,hidden_disposal,"(183.52212524414062, 176.2099609375)",0.00,0.00,N/A,N/A,N/A
2025-12-11 07:25:06,Camera1,331,unloading,"(181.68353271484375, 178.10031127929688)",0.00,0.00,N/A,N/A,N/A
2025-12-11 07:25:06,Camera1,331,hidden_disposal,"(181.68353271484375, 178.10031127929688)",0.00,0.00,N/A,N/A,N/A
2025-12-11 07:25:07,Camera1,341,hidden_disposal,"(127.55952453613281, 303.3634948730469)",0.41,0.00,N/A,N/A,N/A
2025-12-11 07:25:07,Camera1,331,hidden_disposal,"(191.61627197265625, 172.26327514648438)",0.00,0.00,N/A,N/A,N/A
2025-12-11 07:25:08,Camera1,341,hidden_disposal,"(126.85726928710938, 303.8115539550781)",0.60,0.00,N/A,N/A,N/A
2025-12-11 07:25:08,Camera1,331,unloading,"(194.39804077148438, 173.75347900390625)",0.00,0.00,N/A,N/A,N/A
2025-12-11 07:25:08,Camera1,331,hidden_disposal,"(194.39804077148438, 173.75347900390625)",0.00,0.00,N/A,N/A,N/A
2025-12-11 07:25:08,Camera1,341,hidden_disposal,"(125.5326156616211, 303.29150390625)",0.46,0.00,N/A,N/A,N/A
2025-12-11 07:25:08,Camera1,331,hidden_disposal,"(185.46170043945312, 173.2281494140625)",0.00,0.00,N/A,N/A,N/A
2025-12-11 07:25:09,Camera1,341,hidden_disposal,"(125.5794906616211, 302.6920166015625)",0.14,0.00,N/A,N/A,N/A
2025-12-11 07:25:09,Camera1,331,hidden_disposal,"(185.6139678955078, 173.53135681152344)",0.00,0.00,N/A,N/A,N/A
2025-12-11 07:25:10,Camera1,331,unloading,"(185.11602783203125, 173.63858032226562)",0.00,0.00,N/A,N/A,N/A
2025-12-11 07:25:10,Camera1,331,hidden_disposal,"(185.11602783203125, 173.63858032226562)",0.00,0.00,N/A,N/A,N/A
2025-12-11 07:25:10,Camera1,331,hidden_disposal,"(186.487548828125, 174.3236083984375)",0.00,0.00,N/A,N/A,N/A
2025-12-11 07:25:11,Camera1,331,hidden_disposal,"(190.97122192382812, 173.57843017578125)",0.00,0.00,N/A,N/A,N/A
2025-12-11 07:25:12,Camera1,331,hidden_disposal,"(190.03927612304688, 173.9603271484375)",0.00,0.00,N/A,N/A,N/A
2025-12-11 07:25:13,Camera1,331,hidden_disposal,"(188.67391967773438, 173.8560791015625)",0.00,0.00,N/A,N/A,N/A
2025-12-11 07:25:13,Camera1,346,hidden_disposal,"(127.81315612792969, 302.82293701171875)",0.16,0.00,N/A,N/A,N/A
2025-12-11 07:25:13,Camera1,331,unloading,"(189.50045776367188, 174.3696746826172)",0.00,0.00,N/A,N/A,N/A
2025-12-11 07:25:13,Camera1,331,hidden_disposal,"(189.50045776367188, 174.3696746826172)",0.00,0.00,N/A,N/A,N/A
2025-12-11 07:25:14,Camera1,331,hidden_disposal,"(191.7700958251953, 174.57284545898438)",0.00,0.00,N/A,N/A,N/A
2025-12-11 07:25:15,Camera1,331,hidden_disposal,"(191.51641845703125, 173.99099731445312)",0.00,0.00,N/A,N/A,N/A
2025-12-11 07:25:15,Camera1,331,hidden_disposal,"(192.8103485107422, 175.54238891601562)",0.00,0.00,N/A,N/A,N/A
2025-12-11 07:25:16,Camera1,348,hidden_disposal,"(130.37937927246094, 301.46240234375)",0.70,0.00,N/A,N/A,N/A
2025-12-11 07:25:16,Camera1,331,hidden_disposal,"(191.6806640625, 175.23919677734375)",0.00,0.00,N/A,N/A,N/A
2025-12-11 07:25:17,Camera1,348,hidden_disposal,"(130.12115478515625, 302.05377197265625)",0.37,0.00,N/A,N/A,N/A
2025-12-11 07:25:17,Camera1,331,hidden_disposal,"(189.21226501464844, 175.65249633789062)",0.00,0.00,N/A,N/A,N/A
2025-12-11 07:25:18,Camera1,348,hidden_disposal,"(130.31394958496094, 301.6092224121094)",0.34,0.00,N/A,N/A,N/A
2025-12-11 07:25:18,Camera1,331,hidden_disposal,"(179.4190673828125, 175.0616455078125)",0.00,0.00,N/A,N/A,N/A
2025-12-11 07:25:18,Camera1,348,hidden_disposal,"(129.0507049560547, 302.47454833984375)",0.84,0.00,N/A,N/A,N/A
2025-12-11 07:25:18,Camera1,331,unloading,"(178.13192749023438, 175.44161987304688)",0.00,0.00,N/A,N/A,N/A
2025-12-11 07:25:18,Camera1,331,hidden_disposal,"(178.13192749023438, 175.44161987304688)",0.00,0.00,N/A,N/A,N/A
2025-12-11 07:25:19,Camera1,348,hidden_disposal,"(130.57115173339844, 302.30224609375)",0.60,0.00,N/A,N/A,N/A
2025-12-11 07:25:19,Camera1,331,hidden_disposal,"(180.17901611328125, 175.64036560058594)",0.00,0.00,N/A,N/A,N/A
2025-12-11 07:25:20,Camera1,348,hidden_disposal,"(129.14913940429688, 302.72943115234375)",0.57,0.00,N/A,N/A,N/A
2025-12-11 07:25:20,Camera1,331,hidden_disposal,"(178.8275604248047, 175.63641357421875)",0.00,0.00,N/A,N/A,N/A
2025-12-11 07:25:21,Camera1,348,hidden_disposal,"(129.10232543945312, 302.83941650390625)",0.33,0.00,N/A,N/A,N/A
2025-12-11 07:25:21,Camera1,331,hidden_disposal,"(177.48715209960938, 175.48562622070312)",0.00,0.00,N/A,N/A,N/A
2025-12-11 07:25:21,Camera1,331,unloading,"(177.54273986816406, 175.80709838867188)",0.00,0.00,N/A,N/A,N/A
2025-12-11 07:25:21,Camera1,331,hidden_disposal,"(177.54273986816406, 175.80709838867188)",0.00,0.00,N/A,N/A,N/A
2025-12-11 07:25:22,Camera1,348,hidden_disposal,"(129.2501983642578, 302.32476806640625)",0.77,0.00,N/A,N/A,N/A
2025-12-11 07:25:22,Camera1,331,hidden_disposal,"(177.3358154296875, 176.16050720214844)",0.00,0.00,N/A,N/A,N/A
2025-12-11 07:25:23,Camera1,348,hidden_disposal,"(130.43344116210938, 301.65216064453125)",0.59,0.00,N/A,N/A,N/A
2025-12-11 07:25:23,Camera1,331,hidden_disposal,"(177.76373291015625, 175.79312133789062)",0.00,0.00,N/A,N/A,N/A
2025-12-11 07:25:24,Camera1,348,hidden_disposal,"(130.677490234375, 301.56695556640625)",0.22,0.00,N/A,N/A,N/A
2025-12-11 07:25:24,Camera1,331,hidden_disposal,"(178.36839294433594, 175.29678344726562)",0.00,0.00,N/A,N/A,N/A
2025-12-11 07:25:24,Camera1,348,hidden_disposal,"(130.3331756591797, 302.0084228515625)",0.48,0.00,N/A,N/A,N/A
2025-12-11 07:25:24,Camera1,331,hidden_disposal,"(179.26544189453125, 175.95814514160156)",0.00,0.00,N/A,N/A,N/A
2025-12-11 07:25:25,Camera1,331,unloading,"(171.59107971191406, 179.5745086669922)",0.00,0.00,N/A,N/A,N/A
2025-12-11 07:25:25,Camera1,331,hidden_disposal,"(171.59107971191406, 179.5745086669922)",0.00,0.00,N/A,N/A,N/A
2025-12-11 07:25:26,Camera1,348,hidden_disposal,"(121.59954833984375, 306.43084716796875)",0.16,0.00,N/A,N/A,N/A
2025-12-11 07:25:26,Camera1,331,hidden_disposal,"(169.76759338378906, 178.9173126220703)",0.00,0.00,N/A,N/A,N/A
2025-12-11 07:25:27,Camera1,348,hidden_disposal,"(121.8692626953125, 306.74249267578125)",0.27,0.00,N/A,N/A,N/A
2025-12-11 07:25:27,Camera1,331,hidden_disposal,"(171.165771484375, 180.12351989746094)",0.00,0.00,N/A,N/A,N/A
2025-12-11 07:25:27,Camera1,348,hidden_disposal,"(121.70704650878906, 306.3797607421875)",0.25,0.00,N/A,N/A,N/A
2025-12-11 07:25:27,Camera1,331,hidden_disposal,"(171.93301391601562, 179.62069702148438)",0.00,0.00,N/A,N/A,N/A
2025-12-11 07:25:28,Camera1,348,hidden_disposal,"(121.70733642578125, 307.2142333984375)",0.21,0.00,N/A,N/A,N/A
2025-12-11 07:25:28,Camera1,331,hidden_disposal,"(171.75978088378906, 178.16015625)",0.00,0.00,N/A,N/A,N/A
2025-12-11 07:25:29,Camera1,348,hidden_disposal,"(121.2593994140625, 306.86376953125)",0.26,0.00,N/A,N/A,N/A
2025-12-11 07:25:29,Camera1,331,hidden_disposal,"(176.0231170654297, 182.34841918945312)",0.00,0.00,N/A,N/A,N/A
2025-12-11 07:25:30,Camera1,348,hidden_disposal,"(121.31416320800781, 306.07659912109375)",0.10,0.00,N/A,N/A,N/A
2025-12-11 07:25:30,Camera1,331,hidden_disposal,"(173.78091430664062, 181.06515502929688)",0.00,0.00,N/A,N/A,N/A
2025-12-11 07:25:30,Camera1,348,unloading,"(121.28985595703125, 305.75836181640625)",0.07,0.00,N/A,N/A,N/A
2025-12-11 07:25:30,Camera1,348,hidden_disposal,"(121.28985595703125, 305.75836181640625)",0.07,0.00,N/A,N/A,N/A
2025-12-11 07:25:30,Camera1,331,unloading,"(177.88638305664062, 179.6646728515625)",0.00,0.00,N/A,N/A,N/A
2025-12-11 07:25:30,Camera1,331,hidden_disposal,"(177.88638305664062, 179.6646728515625)",0.00,0.00,N/A,N/A,N/A
2025-12-11 07:25:31,Camera1,348,hidden_disposal,"(121.32774353027344, 305.7188720703125)",0.01,0.00,N/A,N/A,N/A
2025-12-11 07:25:31,Camera1,331,hidden_disposal,"(177.1161651611328, 179.5719757080078)",0.00,0.00,N/A,N/A,N/A
2025-12-11 07:25:32,Camera1,348,hidden_disposal,"(121.41016387939453, 305.84613037109375)",0.03,0.00,N/A,N/A,N/A
2025-12-11 07:25:32,Camera1,331,hidden_disposal,"(176.92601013183594, 179.11456298828125)",0.00,0.00,N/A,N/A,N/A
2025-12-11 07:25:33,Camera1,348,hidden_disposal,"(121.40355682373047, 306.08172607421875)",0.08,0.00,N/A,N/A,N/A
2025-12-11 07:25:33,Camera1,331,unloading,"(167.89675903320312, 178.77386474609375)",0.00,0.00,N/A,N/A,N/A
2025-12-11 07:25:33,Camera1,331,hidden_disposal,"(167.89675903320312, 178.77386474609375)",0.00,0.00,N/A,N/A,N/A
2025-12-11 07:25:33,Camera1,348,hidden_disposal,"(121.30422973632812, 306.167236328125)",0.01,0.00,N/A,N/A,N/A
2025-12-11 07:25:33,Camera1,331,hidden_disposal,"(167.96778869628906, 179.1068572998047)",0.00,0.00,N/A,N/A,N/A
2025-12-11 07:25:34,Camera1,348,hidden_disposal,"(120.9286117553711, 306.9783630371094)",0.26,0.00,N/A,N/A,N/A
2025-12-11 07:25:34,Camera1,331,hidden_disposal,"(167.76968383789062, 179.32962036132812)",0.00,0.00,N/A,N/A,N/A
2025-12-11 07:25:35,Camera1,348,hidden_disposal,"(121.49465942382812, 306.35394287109375)",0.25,0.00,N/A,N/A,N/A
2025-12-11 07:25:35,Camera1,331,hidden_disposal,"(166.517333984375, 178.22799682617188)",0.00,0.00,N/A,N/A,N/A
2025-12-11 07:25:36,Camera1,348,unloading,"(121.55706787109375, 307.6845703125)",0.26,0.00,N/A,N/A,N/A
2025-12-11 07:25:36,Camera1,348,hidden_disposal,"(121.55706787109375, 307.6845703125)",0.26,0.00,N/A,N/A,N/A
2025-12-11 07:25:36,Camera1,331,hidden_disposal,"(175.66932678222656, 178.5074920654297)",0.00,0.00,N/A,N/A,N/A
2025-12-11 07:25:36,Camera1,348,hidden_disposal,"(121.55579376220703, 307.4940185546875)",0.22,0.00,N/A,N/A,N/A
2025-12-11 07:25:36,Camera1,331,hidden_disposal,"(175.31158447265625, 178.485595703125)",0.00,0.00,N/A,N/A,N/A
2025-12-11 07:25:37,Camera1,348,hidden_disposal,"(121.52980041503906, 307.1936950683594)",0.24,0.00,N/A,N/A,N/A
2025-12-11 07:25:37,Camera1,331,hidden_disposal,"(173.71139526367188, 178.16610717773438)",0.00,0.00,N/A,N/A,N/A
2025-12-11 07:25:38,Camera1,348,unloading,"(121.25398254394531, 307.31988525390625)",0.51,0.00,N/A,N/A,N/A
2025-12-11 07:25:38,Camera1,348,hidden_disposal,"(121.25398254394531, 307.31988525390625)",0.51,0.00,N/A,N/A,N/A
2025-12-11 07:25:38,Camera1,331,unloading,"(174.65760803222656, 180.23040771484375)",0.00,0.00,N/A,N/A,N/A
2025-12-11 07:25:38,Camera1,331,hidden_disposal,"(174.65760803222656, 180.23040771484375)",0.00,0.00,N/A,N/A,N/A
2025-12-11 07:25:39,Camera1,348,hidden_disposal,"(121.28260803222656, 306.6761474609375)",0.50,0.00,N/A,N/A,N/A
2025-12-11 07:25:39,Camera1,331,hidden_disposal,"(166.44418334960938, 178.4842071533203)",0.00,0.00,N/A,N/A,N/A
2025-12-11 07:25:39,Camera1,348,hidden_disposal,"(121.27104949951172, 307.89068603515625)",0.41,0.00,N/A,N/A,N/A
2025-12-11 07:25:39,Camera1,331,hidden_disposal,"(161.4458465576172, 177.9508056640625)",0.00,0.00,N/A,N/A,N/A
2025-12-11 07:25:40,Camera1,348,hidden_disposal,"(121.26289367675781, 308.0770263671875)",0.65,0.00,N/A,N/A,N/A
2025-12-11 07:25:41,Camera1,331,hidden_disposal,"(165.9538116455078, 179.39686584472656)",0.91,0.00,N/A,N/A,N/A
2025-12-11 07:25:41,Camera1,348,hidden_disposal,"(121.34117889404297, 308.072998046875)",0.20,0.00,N/A,N/A,N/A
2025-12-11 07:25:42,Camera1,348,hidden_disposal,"(121.7280044555664, 308.1414489746094)",0.65,0.00,N/A,N/A,N/A
2025-12-11 07:25:43,Camera1,331,unloading,"(165.90142822265625, 177.78541564941406)",1.92,0.00,N/A,N/A,N/A
2025-12-11 07:25:43,Camera1,348,unloading,"(121.213134765625, 307.9261474609375)",0.25,0.00,N/A,N/A,N/A
2025-12-11 07:25:43,Camera1,348,hidden_disposal,"(121.213134765625, 307.9261474609375)",0.25,0.00,N/A,N/A,N/A
2025-12-11 07:25:44,Camera1,348,hidden_disposal,"(121.16619873046875, 307.775146484375)",0.41,0.00,N/A,N/A,N/A
2025-12-11 07:25:45,Camera1,348,hidden_disposal,"(121.04479217529297, 308.2266845703125)",0.65,0.00,N/A,N/A,N/A
2025-12-11 07:25:45,Camera1,331,unloading,"(166.06918334960938, 180.14259338378906)",1.59,0.00,N/A,N/A,N/A
2025-12-11 07:25:45,Camera1,348,unloading,"(121.39578247070312, 308.1414489746094)",0.25,0.00,N/A,N/A,N/A
2025-12-11 07:25:45,Camera1,348,hidden_disposal,"(121.39578247070312, 308.1414489746094)",0.25,0.00,N/A,N/A,N/A
2025-12-11 07:25:46,Camera1,348,hidden_disposal,"(120.89591217041016, 307.94635009765625)",0.26,0.00,N/A,N/A,N/A
2025-12-11 07:25:47,Camera1,348,hidden_disposal,"(121.21690368652344, 307.9003601074219)",0.21,0.00,N/A,N/A,N/A
2025-12-11 07:25:48,Camera1,348,hidden_disposal,"(121.25041961669922, 307.995361328125)",0.27,0.00,N/A,N/A,N/A
2025-12-11 07:25:48,Camera1,331,hidden_disposal,"(166.48036193847656, 180.22607421875)",0.98,0.00,N/A,N/A,N/A
2025-12-11 07:25:48,Camera1,348,hidden_disposal,"(121.14120483398438, 308.0623474121094)",0.22,0.00,N/A,N/A,N/A
2025-12-11 07:25:50,Camera1,331,hidden_disposal,"(166.81033325195312, 178.30419921875)",0.86,0.00,N/A,N/A,N/A
2025-12-11 07:25:50,Camera1,348,hidden_disposal,"(121.32240295410156, 306.61798095703125)",0.27,0.00,N/A,N/A,N/A
2025-12-11 07:26:01,Camera1,368,hidden_disposal,"(155.12191772460938, 289.7879638671875)",0.54,0.00,N/A,N/A,N/A
2025-12-11 07:26:02,Camera1,368,hidden_disposal,"(154.3762969970703, 290.5836486816406)",0.91,0.00,N/A,N/A,N/A
2025-12-11 07:26:59,Camera1,386,hidden_disposal,"(88.82980346679688, 273.5556335449219)",0.10,0.00,N/A,N/A,N/A
2025-12-11 07:29:43,Camera1,421,unloading,"(9.811767578125, 134.5997314453125)",0.00,0.00,N/A,N/A,N/A
2025-12-11 07:29:43,Camera1,421,hidden_disposal,"(9.811767578125, 134.5997314453125)",0.00,0.00,N/A,N/A,N/A
2025-12-11 07:29:44,Camera1,421,hidden_disposal,"(11.005536079406738, 139.84039306640625)",0.03,0.00,N/A,N/A,N/A
2025-12-11 07:29:46,Camera1,421,hidden_disposal,"(26.065494537353516, 127.22628784179688)",0.00,0.00,N/A,N/A,N/A
2025-12-11 07:29:49,Camera1,421,hidden_disposal,"(40.741600036621094, 120.07711791992188)",0.00,0.00,N/A,N/A,N/A
2025-12-11 07:29:49,Camera1,421,unloading,"(44.76139831542969, 116.40557861328125)",0.00,0.00,N/A,N/A,N/A
2025-12-11 07:29:49,Camera1,421,hidden_disposal,"(44.76139831542969, 116.40557861328125)",0.00,0.00,N/A,N/A,N/A
2025-12-11 07:29:50,Camera1,421,hidden_disposal,"(46.90876007080078, 114.29695129394531)",0.00,0.00,N/A,N/A,N/A
2025-12-11 07:29:51,Camera1,421,hidden_disposal,"(53.35887145996094, 110.16923522949219)",0.00,0.00,N/A,N/A,N/A
2025-12-11 07:29:52,Camera1,421,hidden_disposal,"(57.691978454589844, 110.34344482421875)",0.00,0.00,N/A,N/A,N/A
2025-12-11 07:29:53,Camera1,421,hidden_disposal,"(66.57872009277344, 108.7238540649414)",0.00,0.00,N/A,N/A,N/A
2025-12-11 07:29:53,Camera1,421,hidden_disposal,"(72.12904357910156, 110.71503448486328)",0.00,0.00,N/A,N/A,N/A
2025-12-11 07:29:54,Camera1,421,hidden_disposal,"(74.11299133300781, 111.41317749023438)",0.00,0.00,N/A,N/A,N/A
2025-12-11 07:29:55,Camera1,421,hidden_disposal,"(86.50578308105469, 110.01464080810547)",0.00,0.00,N/A,N/A,N/A
2025-12-11 07:29:56,Camera1,421,hidden_disposal,"(89.33027648925781, 109.3074722290039)",0.00,0.00,N/A,N/A,N/A
2025-12-11 07:29:56,Camera1,421,hidden_disposal,"(101.30320739746094, 114.6094741821289)",0.00,0.00,N/A,N/A,N/A
2025-12-11 07:29:57,Camera1,421,hidden_disposal,"(107.32057189941406, 117.91136169433594)",0.00,0.00,N/A,N/A,N/A
2025-12-11 07:29:58,Camera1,421,hidden_disposal,"(110.5645523071289, 118.57699584960938)",0.00,0.00,N/A,N/A,N/A
2025-12-11 07:29:59,Camera1,421,hidden_disposal,"(122.93795776367188, 117.07704162597656)",0.00,0.00,N/A,N/A,N/A
2025-12-11 07:30:00,Camera1,421,hidden_disposal,"(125.79427337646484, 118.9580078125)",0.00,0.00,N/A,N/A,N/A
2025-12-11 07:30:00,Camera1,421,unloading,"(137.33799743652344, 124.98565673828125)",0.00,0.00,N/A,N/A,N/A
2025-12-11 07:30:00,Camera1,421,hidden_disposal,"(137.33799743652344, 124.98565673828125)",0.00,0.00,N/A,N/A,N/A
2025-12-11 07:30:01,Camera1,421,hidden_disposal,"(141.55726623535156, 128.00323486328125)",0.00,0.00,N/A,N/A,N/A
2025-12-11 07:30:02,Camera1,421,hidden_disposal,"(144.33863830566406, 129.69671630859375)",0.00,0.00,N/A,N/A,N/A
2025-12-11 07:30:03,Camera1,421,hidden_disposal,"(154.02960205078125, 134.82748413085938)",0.00,0.00,N/A,N/A,N/A
2025-12-11 07:30:03,Camera1,421,hidden_disposal,"(159.5786590576172, 136.69476318359375)",0.00,0.00,N/A,N/A,N/A
2025-12-11 07:30:04,Camera1,421,hidden_disposal,"(169.503173828125, 142.68270874023438)",0.00,0.00,N/A,N/A,N/A
2025-12-11 07:30:05,Camera1,421,hidden_disposal,"(171.6783447265625, 145.3558349609375)",0.00,0.00,N/A,N/A,N/A
2025-12-11 07:30:06,Camera1,421,hidden_disposal,"(173.73887634277344, 147.038330078125)",0.00,0.00,N/A,N/A,N/A
2025-12-11 07:30:06,Camera1,421,hidden_disposal,"(183.41139221191406, 147.77337646484375)",0.00,0.00,N/A,N/A,N/A
2025-12-11 07:30:07,Camera1,421,hidden_disposal,"(189.1959228515625, 152.6516571044922)",0.00,0.00,N/A,N/A,N/A
2025-12-11 07:30:08,Camera1,421,hidden_disposal,"(192.62368774414062, 154.0478515625)",0.00,0.00,N/A,N/A,N/A
2025-12-11 07:30:09,Camera1,421,hidden_disposal,"(197.20205688476562, 160.23651123046875)",0.00,0.00,N/A,N/A,N/A
2025-12-11 07:30:09,Camera1,421,hidden_disposal,"(198.69593811035156, 161.81875610351562)",0.00,0.00,N/A,N/A,N/A
2025-12-11 07:30:10,Camera1,421,hidden_disposal,"(203.84030151367188, 167.99957275390625)",0.00,0.00,N/A,N/A,N/A
2025-12-11 07:30:11,Camera1,421,hidden_disposal,"(205.67416381835938, 168.3749237060547)",0.00,0.00,N/A,N/A,N/A
2025-12-11 07:30:12,Camera1,421,hidden_disposal,"(212.10400390625, 171.7123260498047)",0.00,0.00,N/A,N/A,N/A
2025-12-11 07:30:12,Camera1,421,hidden_disposal,"(215.68844604492188, 176.2866973876953)",0.00,0.00,N/A,N/A,N/A
2025-12-11 07:30:13,Camera1,421,hidden_disposal,"(216.64385986328125, 176.04339599609375)",0.00,0.00,N/A,N/A,N/A
2025-12-11 07:30:14,Camera1,430,unloading,"(10.547691345214844, 217.63833618164062)",0.00,0.00,N/A,N/A,N/A
2025-12-11 07:30:14,Camera1,430,hidden_disposal,"(10.547691345214844, 217.63833618164062)",0.00,0.00,N/A,N/A,N/A
2025-12-11 07:30:14,Camera1,421,hidden_disposal,"(229.05130004882812, 170.41783142089844)",0.00,0.00,N/A,N/A,N/A
2025-12-11 07:30:15,Camera1,421,hidden_disposal,"(231.11068725585938, 168.5592803955078)",0.00,0.00,N/A,N/A,N/A
2025-12-11 07:30:16,Camera1,421,hidden_disposal,"(238.63453674316406, 160.46632385253906)",0.00,0.00,N/A,N/A,N/A
2025-12-11 07:30:17,Camera1,421,hidden_disposal,"(244.28895568847656, 157.97280883789062)",0.00,0.00,N/A,N/A,N/A
2025-12-11 07:30:17,Camera1,421,hidden_disposal,"(247.8491668701172, 155.7789764404297)",0.00,0.00,N/A,N/A,N/A
2025-12-11 07:30:18,Camera1,421,unloading,"(258.2899169921875, 149.7119140625)",0.00,0.00,N/A,N/A,N/A
2025-12-11 07:30:18,Camera1,421,hidden_disposal,"(258.2899169921875, 149.7119140625)",0.00,0.00,N/A,N/A,N/A
2025-12-11 07:30:19,Camera1,421,hidden_disposal,"(265.9835510253906, 147.17642211914062)",0.00,0.00,N/A,N/A,N/A
2025-12-11 07:30:20,Camera1,421,hidden_disposal,"(272.3451843261719, 146.03370666503906)",0.00,0.00,N/A,N/A,N/A
2025-12-11 07:30:21,Camera1,421,hidden_disposal,"(282.28131103515625, 144.31661987304688)",0.00,0.00,N/A,N/A,N/A
2025-12-11 07:30:21,Camera1,421,hidden_disposal,"(284.97991943359375, 144.13343811035156)",0.00,0.00,N/A,N/A,N/A
2025-12-11 07:30:22,Camera1,421,hidden_disposal,"(293.65240478515625, 143.6483154296875)",0.00,0.00,N/A,N/A,N/A
2025-12-11 07:30:23,Camera1,421,hidden_disposal,"(296.45703125, 141.23690795898438)",0.00,0.00,N/A,N/A,N/A
2025-12-11 07:30:24,Camera1,437,unloading,"(498.10400390625, 17.671506881713867)",0.00,0.00,N/A,N/A,N/A
2025-12-11 07:30:24,Camera1,437,hidden_disposal,"(498.10400390625, 17.671506881713867)",0.00,0.00,N/A,N/A,N/A
2025-12-11 07:30:24,Camera1,421,hidden_disposal,"(303.81158447265625, 140.6675262451172)",0.00,0.00,N/A,N/A,N/A
2025-12-11 07:30:25,Camera1,440,unloading,"(494.1572265625, 20.278366088867188)",0.00,0.00,N/A,N/A,N/A
2025-12-11 07:30:25,Camera1,440,hidden_disposal,"(494.1572265625, 20.278366088867188)",0.00,0.00,N/A,N/A,N/A
2025-12-11 07:30:25,Camera1,421,hidden_disposal,"(307.45770263671875, 139.5704345703125)",0.00,0.00,N/A,N/A,N/A
2025-12-11 07:30:27,Camera1,421,hidden_disposal,"(310.2042236328125, 139.77432250976562)",0.00,0.00,N/A,N/A,N/A
2025-12-11 07:30:27,Camera1,438,unloading,"(233.26193237304688, 31.795032501220703)",0.00,0.00,N/A,N/A,N/A
2025-12-11 07:30:27,Camera1,438,hidden_disposal,"(233.26193237304688, 31.795032501220703)",0.00,0.00,N/A,N/A,N/A
2025-12-11 07:30:28,Camera1,446,unloading,"(503.2972106933594, 243.20562744140625)",0.00,0.00,N/A,N/A,N/A
2025-12-11 07:30:28,Camera1,446,hidden_disposal,"(503.2972106933594, 243.20562744140625)",0.00,0.00,N/A,N/A,N/A
2025-12-11 07:30:28,Camera1,447,unloading,"(185.07159423828125, 161.2431640625)",0.00,0.00,N/A,N/A,N/A
2025-12-11 07:30:28,Camera1,447,hidden_disposal,"(185.07159423828125, 161.2431640625)",0.00,0.00,N/A,N/A,N/A
2025-12-11 07:30:28,Camera1,448,unloading,"(140.32737731933594, 125.60090637207031)",0.00,0.00,N/A,N/A,N/A
2025-12-11 07:30:28,Camera1,448,hidden_disposal,"(140.32737731933594, 125.60090637207031)",0.00,0.00,N/A,N/A,N/A
2025-12-11 07:30:28,Camera1,449,unloading,"(175.1188507080078, 137.65463256835938)",0.00,0.00,N/A,N/A,N/A
2025-12-11 07:30:28,Camera1,449,hidden_disposal,"(175.1188507080078, 137.65463256835938)",0.00,0.00,N/A,N/A,N/A
2025-12-11 07:30:28,Camera1,451,unloading,"(93.62554931640625, 254.1556396484375)",0.00,0.00,N/A,N/A,N/A
2025-12-11 07:30:28,Camera1,451,hidden_disposal,"(93.62554931640625, 254.1556396484375)",0.00,0.00,N/A,N/A,N/A
2025-12-11 07:30:28,Camera1,454,unloading,"(271.59600830078125, 129.11239624023438)",0.00,0.00,N/A,N/A,N/A
2025-12-11 07:30:28,Camera1,454,hidden_disposal,"(271.59600830078125, 129.11239624023438)",0.00,0.00,N/A,N/A,N/A
2025-12-11 07:30:28,Camera1,456,unloading,"(265.23382568359375, 98.1011962890625)",0.00,0.00,N/A,N/A,N/A
2025-12-11 07:30:28,Camera1,456,hidden_disposal,"(265.23382568359375, 98.1011962890625)",0.00,0.00,N/A,N/A,N/A
2025-12-11 07:30:28,Camera1,457,unloading,"(266.72125244140625, 99.91111755371094)",0.00,0.00,N/A,N/A,N/A
2025-12-11 07:30:28,Camera1,457,hidden_disposal,"(266.72125244140625, 99.91111755371094)",0.00,0.00,N/A,N/A,N/A
2025-12-11 07:30:28,Camera1,458,unloading,"(177.29486083984375, 103.35107421875)",0.00,0.00,N/A,N/A,N/A
2025-12-11 07:30:28,Camera1,458,hidden_disposal,"(177.29486083984375, 103.35107421875)",0.00,0.00,N/A,N/A,N/A
2025-12-11 07:30:28,Camera1,459,unloading,"(402.8743896484375, 224.31961059570312)",0.00,0.00,N/A,N/A,N/A
2025-12-11 07:30:28,Camera1,459,hidden_disposal,"(402.8743896484375, 224.31961059570312)",0.00,0.00,N/A,N/A,N/A
2025-12-11 07:30:28,Camera1,460,unloading,"(282.91015625, 69.41090393066406)",0.00,0.00,N/A,N/A,N/A
2025-12-11 07:30:28,Camera1,460,hidden_disposal,"(282.91015625, 69.41090393066406)",0.00,0.00,N/A,N/A,N/A
2025-12-11 07:30:30,Camera1,446,hidden_disposal,"(503.41925048828125, 244.47061157226562)",0.00,0.00,N/A,N/A,N/A
2025-12-11 07:30:30,Camera1,447,hidden_disposal,"(185.41436767578125, 161.90029907226562)",0.00,0.00,N/A,N/A,N/A
2025-12-11 07:30:30,Camera1,448,hidden_disposal,"(140.7112579345703, 127.29020690917969)",0.00,0.00,N/A,N/A,N/A
2025-12-11 07:30:30,Camera1,449,hidden_disposal,"(175.37451171875, 138.49237060546875)",0.00,0.00,N/A,N/A,N/A
2025-12-11 07:30:30,Camera1,450,hidden_disposal,"(188.13833618164062, 111.1046142578125)",0.00,0.00,N/A,N/A,N/A
2025-12-11 07:30:30,Camera1,451,hidden_disposal,"(93.99165344238281, 254.94061279296875)",0.00,0.00,N/A,N/A,N/A
2025-12-11 07:30:30,Camera1,454,hidden_disposal,"(271.6844482421875, 129.673095703125)",0.00,0.00,N/A,N/A,N/A
2025-12-11 07:30:30,Camera1,453,hidden_disposal,"(148.66897583007812, 76.67913818359375)",0.00,0.00,N/A,N/A,N/A
2025-12-11 07:30:30,Camera1,455,hidden_disposal,"(140.9195556640625, 89.20738220214844)",0.00,0.00,N/A,N/A,N/A
2025-12-11 07:30:30,Camera1,456,hidden_disposal,"(262.3975830078125, 94.48529815673828)",0.00,0.00,N/A,N/A,N/A
2025-12-11 07:30:30,Camera1,457,hidden_disposal,"(270.50775146484375, 102.582275390625)",0.00,0.00,N/A,N/A,N/A
2025-12-11 07:30:30,Camera1,458,hidden_disposal,"(177.8924102783203, 103.66447448730469)",0.00,0.00,N/A,N/A,N/A
2025-12-11 07:30:30,Camera1,459,hidden_disposal,"(401.7840270996094, 224.390869140625)",0.00,0.00,N/A,N/A,N/A
2025-12-11 07:30:30,Camera1,460,hidden_disposal,"(281.5162048339844, 70.17269897460938)",0.00,0.00,N/A,N/A,N/A
2025-12-11 07:30:32,Camera1,446,hidden_disposal,"(502.93450927734375, 244.17803955078125)",0.84,0.00,N/A,N/A,N/A
2025-12-11 07:30:32,Camera1,448,hidden_disposal,"(141.56680297851562, 127.05813598632812)",0.84,0.00,N/A,N/A,N/A
2025-12-11 07:30:32,Camera1,449,hidden_disposal,"(176.58639526367188, 137.59872436523438)",0.78,0.00,N/A,N/A,N/A
2025-12-11 07:30:32,Camera1,453,hidden_disposal,"(148.2031707763672, 77.03103637695312)",0.49,0.00,N/A,N/A,N/A
2025-12-11 07:30:32,Camera1,450,hidden_disposal,"(188.54428100585938, 111.08366394042969)",0.44,0.00,N/A,N/A,N/A
2025-12-11 07:30:32,Camera1,454,hidden_disposal,"(271.5919189453125, 129.482177734375)",0.28,0.00,N/A,N/A,N/A
2025-12-11 07:30:32,Camera1,456,hidden_disposal,"(262.3104248046875, 94.32731628417969)",0.22,0.00,N/A,N/A,N/A
2025-12-11 07:30:32,Camera1,458,hidden_disposal,"(178.2627410888672, 103.54906463623047)",0.56,0.00,N/A,N/A,N/A
2025-12-11 07:30:32,Camera1,457,hidden_disposal,"(270.5494384765625, 102.47747039794922)",0.20,0.00,N/A,N/A,N/A
2025-12-11 07:30:32,Camera1,455,hidden_disposal,"(141.01959228515625, 89.94517517089844)",0.47,0.00,N/A,N/A,N/A
2025-12-11 07:30:32,Camera1,460,hidden_disposal,"(281.70391845703125, 70.16033935546875)",0.23,0.00,N/A,N/A,N/A
2025-12-11 07:30:32,Camera1,451,hidden_disposal,"(95.49026489257812, 252.99871826171875)",0.00,0.00,N/A,N/A,N/A
2025-12-11 07:30:32,Camera1,447,hidden_disposal,"(185.71487426757812, 160.99224853515625)",0.00,0.00,N/A,N/A,N/A
2025-12-11 07:30:34,Camera1,453,hidden_disposal,"(146.24949645996094, 77.27301025390625)",0.90,0.00,N/A,N/A,N/A
2025-12-11 07:30:34,Camera1,456,hidden_disposal,"(262.21539306640625, 93.59523010253906)",0.73,0.00,N/A,N/A,N/A
2025-12-11 07:30:34,Camera1,457,hidden_disposal,"(270.70635986328125, 101.82264709472656)",0.86,0.00,N/A,N/A,N/A
2025-12-11 07:30:36,Camera1,447,unloading,"(188.29281616210938, 158.97178649902344)",0.97,0.00,N/A,N/A,N/A
2025-12-11 07:30:36,Camera1,447,hidden_disposal,"(188.29281616210938, 158.97178649902344)",0.97,0.00,N/A,N/A,N/A
2025-12-11 07:30:36,Camera1,446,hidden_disposal,"(499.72137451171875, 242.84078979492188)",0.85,0.00,N/A,N/A,N/A
2025-12-11 07:30:36,Camera1,453,unloading,"(145.71316528320312, 77.27375793457031)",0.40,0.00,N/A,N/A,N/A
2025-12-11 07:30:36,Camera1,453,hidden_disposal,"(145.71316528320312, 77.27375793457031)",0.40,0.00,N/A,N/A,N/A
2025-12-11 07:30:36,Camera1,449,unloading,"(178.84420776367188, 135.84194946289062)",0.97,0.00,N/A,N/A,N/A
2025-12-11 07:30:36,Camera1,449,hidden_disposal,"(178.84420776367188, 135.84194946289062)",0.97,0.00,N/A,N/A,N/A
2025-12-11 07:30:36,Camera1,448,unloading,"(144.876220703125, 124.91842651367188)",0.98,0.00,N/A,N/A,N/A
2025-12-11 07:30:36,Camera1,448,hidden_disposal,"(144.876220703125, 124.91842651367188)",0.98,0.00,N/A,N/A,N/A
2025-12-11 07:30:36,Camera1,456,hidden_disposal,"(262.0867614746094, 93.31695556640625)",0.29,0.00,N/A,N/A,N/A
2025-12-11 07:30:36,Camera1,455,unloading,"(137.56381225585938, 90.75235748291016)",0.47,0.00,N/A,N/A,N/A
2025-12-11 07:30:36,Camera1,455,hidden_disposal,"(137.56381225585938, 90.75235748291016)",0.47,0.00,N/A,N/A,N/A
2025-12-11 07:30:36,Camera1,454,hidden_disposal,"(271.45355224609375, 127.80084228515625)",0.40,0.00,N/A,N/A,N/A
2025-12-11 07:30:36,Camera1,450,unloading,"(191.1368865966797, 109.8359146118164)",0.52,0.00,N/A,N/A,N/A
2025-12-11 07:30:36,Camera1,450,hidden_disposal,"(191.1368865966797, 109.8359146118164)",0.52,0.00,N/A,N/A,N/A
2025-12-11 07:30:36,Camera1,458,unloading,"(180.79196166992188, 101.92811584472656)",0.74,0.00,N/A,N/A,N/A
2025-12-11 07:30:36,Camera1,458,hidden_disposal,"(180.79196166992188, 101.92811584472656)",0.74,0.00,N/A,N/A,N/A
2025-12-11 07:30:36,Camera1,457,hidden_disposal,"(270.8883056640625, 101.60098266601562)",0.27,0.00,N/A,N/A,N/A
2025-12-11 07:30:36,Camera1,475,unloading,"(213.39077758789062, 112.72366333007812)",0.42,0.00,N/A,N/A,N/A
2025-12-11 07:30:36,Camera1,475,hidden_disposal,"(213.39077758789062, 112.72366333007812)",0.42,0.00,N/A,N/A,N/A
2025-12-11 07:30:37,Camera1,446,unloading,"(498.3125, 242.12928771972656)",1.70,0.00,N/A,N/A,N/A
2025-12-11 07:30:37,Camera1,453,hidden_disposal,"(144.74221801757812, 77.94192504882812)",0.75,0.00,N/A,N/A,N/A
2025-12-11 07:30:37,Camera1,454,hidden_disposal,"(271.25067138671875, 127.12174987792969)",0.81,0.00,N/A,N/A,N/A
2025-12-11 07:30:37,Camera1,456,hidden_disposal,"(262.19873046875, 92.90957641601562)",0.42,0.00,N/A,N/A,N/A
2025-12-11 07:30:37,Camera1,455,hidden_disposal,"(136.5677490234375, 91.46803283691406)",0.76,0.00,N/A,N/A,N/A
2025-12-11 07:30:37,Camera1,457,hidden_disposal,"(271.1491394042969, 101.0892562866211)",0.46,0.00,N/A,N/A,N/A
2025-12-11 07:30:37,Camera1,478,hidden_disposal,"(272.146728515625, 80.692626953125)",0.52,0.00,N/A,N/A,N/A
2025-12-11 07:30:37,Camera1,479,hidden_disposal,"(162.4269256591797, 69.04072570800781)",0.77,0.00,N/A,N/A,N/A
2025-12-11 07:30:37,Camera1,451,hidden_disposal,"(104.06645965576172, 244.61770629882812)",0.00,0.00,N/A,N/A,N/A
2025-12-11 07:30:39,Camera1,447,unloading,"(190.24423217773438, 156.17819213867188)",1.55,0.00,N/A,N/A,N/A
2025-12-11 07:30:39,Camera1,453,hidden_disposal,"(143.97650146484375, 78.09111022949219)",0.58,0.00,N/A,N/A,N/A
2025-12-11 07:30:39,Camera1,454,hidden_disposal,"(271.1334228515625, 126.330078125)",0.76,0.00,N/A,N/A,N/A
2025-12-11 07:30:39,Camera1,456,hidden_disposal,"(262.05950927734375, 92.18707275390625)",0.40,0.00,N/A,N/A,N/A
2025-12-11 07:30:39,Camera1,475,hidden_disposal,"(214.29989624023438, 111.34559631347656)",0.89,0.00,N/A,N/A,N/A
2025-12-11 07:30:39,Camera1,455,hidden_disposal,"(134.43109130859375, 92.38945007324219)",0.89,0.00,N/A,N/A,N/A
2025-12-11 07:30:39,Camera1,479,hidden_disposal,"(161.75372314453125, 69.31446838378906)",0.82,0.00,N/A,N/A,N/A
2025-12-11 07:30:39,Camera1,457,hidden_disposal,"(271.38726806640625, 100.70283508300781)",0.40,0.00,N/A,N/A,N/A
2025-12-11 07:30:39,Camera1,478,hidden_disposal,"(272.29046630859375, 80.37446594238281)",0.19,0.00,N/A,N/A,N/A
2025-12-11 07:30:41,Camera1,454,hidden_disposal,"(270.9544372558594, 125.50146484375)",0.78,0.00,N/A,N/A,N/A
2025-12-11 07:30:41,Camera1,453,hidden_disposal,"(143.56515502929688, 78.8393783569336)",0.70,0.00,N/A,N/A,N/A
2025-12-11 07:30:41,Camera1,456,hidden_disposal,"(262.1458740234375, 91.7093505859375)",0.49,0.00,N/A,N/A,N/A
2025-12-11 07:30:41,Camera1,475,unloading,"(215.35044860839844, 110.41900634765625)",1.15,0.00,N/A,N/A,N/A
2025-12-11 07:30:41,Camera1,455,hidden_disposal,"(133.63192749023438, 92.85687255859375)",0.89,0.00,N/A,N/A,N/A
2025-12-11 07:30:41,Camera1,457,hidden_disposal,"(271.7733154296875, 100.27672576904297)",0.53,0.00,N/A,N/A,N/A
2025-12-11 07:30:41,Camera1,479,hidden_disposal,"(160.85867309570312, 69.77113342285156)",0.72,0.00,N/A,N/A,N/A
2025-12-11 07:30:41,Camera1,478,hidden_disposal,"(272.09429931640625, 80.38423919677734)",0.52,0.00,N/A,N/A,N/A
2025-12-11 07:30:41,Camera1,451,hidden_disposal,"(110.03059387207031, 238.542236328125)",0.00,0.00,N/A,N/A,N/A
2025-12-11 07:30:43,Camera1,448,unloading,"(152.13406372070312, 120.1190185546875)",2.68,0.00,N/A,N/A,N/A
2025-12-11 07:30:43,Camera1,449,unloading,"(184.75347900390625, 131.00344848632812)",2.31,0.00,N/A,N/A,N/A
2025-12-11 07:30:43,Camera1,455,unloading,"(131.8710174560547, 93.12486267089844)",1.51,0.00,N/A,N/A,N/A
2025-12-11 07:30:43,Camera1,453,unloading,"(142.33737182617188, 79.41603088378906)",0.97,0.00,N/A,N/A,N/A
2025-12-11 07:30:43,Camera1,453,hidden_disposal,"(142.33737182617188, 79.41603088378906)",0.97,0.00,N/A,N/A,N/A
2025-12-11 07:30:43,Camera1,447,unloading,"(191.966064453125, 153.8473358154297)",2.15,0.00,N/A,N/A,N/A
2025-12-11 07:30:43,Camera1,475,unloading,"(216.99795532226562, 109.50994873046875)",1.71,0.00,N/A,N/A,N/A
2025-12-11 07:30:43,Camera1,458,unloading,"(185.58465576171875, 99.21099090576172)",2.07,0.00,N/A,N/A,N/A
2025-12-11 07:30:43,Camera1,456,hidden_disposal,"(261.53912353515625, 91.16313934326172)",0.71,0.00,N/A,N/A,N/A
2025-12-11 07:30:43,Camera1,478,hidden_disposal,"(272.04754638671875, 80.18934631347656)",0.51,0.00,N/A,N/A,N/A
2025-12-11 07:30:43,Camera1,457,hidden_disposal,"(271.7957458496094, 99.20691680908203)",0.78,0.00,N/A,N/A,N/A
2025-12-11 07:30:43,Camera1,450,unloading,"(194.48507690429688, 106.46096801757812)",1.60,0.00,N/A,N/A,N/A
2025-12-11 07:30:45,Camera1,446,unloading,"(491.92938232421875, 239.32501220703125)",0.90,0.00,N/A,N/A,N/A
2025-12-11 07:30:45,Camera1,446,hidden_disposal,"(491.92938232421875, 239.32501220703125)",0.90,0.00,N/A,N/A,N/A
2025-12-11 07:30:45,Camera1,456,unloading,"(261.668212890625, 89.87940979003906)",0.34,0.00,N/A,N/A,N/A
2025-12-11 07:30:45,Camera1,456,hidden_disposal,"(261.668212890625, 89.87940979003906)",0.34,0.00,N/A,N/A,N/A
2025-12-11 07:30:45,Camera1,449,unloading,"(185.40426635742188, 130.07998657226562)",0.96,0.00,N/A,N/A,N/A
2025-12-11 07:30:45,Camera1,449,hidden_disposal,"(185.40426635742188, 130.07998657226562)",0.96,0.00,N/A,N/A,N/A
2025-12-11 07:30:45,Camera1,448,unloading,"(152.81883239746094, 119.74057006835938)",1.05,0.00,N/A,N/A,N/A
2025-12-11 07:30:45,Camera1,453,unloading,"(141.5206756591797, 79.30300903320312)",0.31,0.00,N/A,N/A,N/A
2025-12-11 07:30:45,Camera1,453,hidden_disposal,"(141.5206756591797, 79.30300903320312)",0.31,0.00,N/A,N/A,N/A
2025-12-11 07:30:45,Camera1,454,unloading,"(271.05352783203125, 124.20240783691406)",0.34,0.00,N/A,N/A,N/A
2025-12-11 07:30:45,Camera1,454,hidden_disposal,"(271.05352783203125, 124.20240783691406)",0.34,0.00,N/A,N/A,N/A
2025-12-11 07:30:45,Camera1,475,unloading,"(217.60086059570312, 108.68844604492188)",0.53,0.00,N/A,N/A,N/A
2025-12-11 07:30:45,Camera1,475,hidden_disposal,"(217.60086059570312, 108.68844604492188)",0.53,0.00,N/A,N/A,N/A
2025-12-11 07:30:45,Camera1,455,unloading,"(131.4109649658203, 93.29440307617188)",0.50,0.00,N/A,N/A,N/A
2025-12-11 07:30:45,Camera1,455,hidden_disposal,"(131.4109649658203, 93.29440307617188)",0.50,0.00,N/A,N/A,N/A
2025-12-11 07:30:45,Camera1,458,unloading,"(186.12393188476562, 98.72654724121094)",0.63,0.00,N/A,N/A,N/A
2025-12-11 07:30:45,Camera1,458,hidden_disposal,"(186.12393188476562, 98.72654724121094)",0.63,0.00,N/A,N/A,N/A
2025-12-11 07:30:45,Camera1,457,unloading,"(272.52789306640625, 99.21466064453125)",0.38,0.00,N/A,N/A,N/A
2025-12-11 07:30:45,Camera1,457,hidden_disposal,"(272.52789306640625, 99.21466064453125)",0.38,0.00,N/A,N/A,N/A
2025-12-11 07:30:45,Camera1,478,unloading,"(271.9583740234375, 79.67021179199219)",0.31,0.00,N/A,N/A,N/A
2025-12-11 07:30:45,Camera1,478,hidden_disposal,"(271.9583740234375, 79.67021179199219)",0.31,0.00,N/A,N/A,N/A
2025-12-11 07:30:45,Camera1,450,unloading,"(194.65074157714844, 106.18598937988281)",0.55,0.00,N/A,N/A,N/A
2025-12-11 07:30:45,Camera1,450,hidden_disposal,"(194.65074157714844, 106.18598937988281)",0.55,0.00,N/A,N/A,N/A
2025-12-11 07:30:45,Camera1,447,unloading,"(192.60726928710938, 152.45660400390625)",0.00,0.00,N/A,N/A,N/A
2025-12-11 07:30:45,Camera1,447,hidden_disposal,"(192.60726928710938, 152.45660400390625)",0.00,0.00,N/A,N/A,N/A
2025-12-11 07:30:47,Camera1,456,unloading,"(261.71240234375, 89.5299301147461)",0.31,0.00,N/A,N/A,N/A
2025-12-11 07:30:47,Camera1,456,hidden_disposal,"(261.71240234375, 89.5299301147461)",0.31,0.00,N/A,N/A,N/A
2025-12-11 07:30:47,Camera1,448,unloading,"(154.1661376953125, 118.89930725097656)",1.59,0.00,N/A,N/A,N/A
2025-12-11 07:30:47,Camera1,475,unloading,"(218.33102416992188, 108.311279296875)",1.13,0.00,N/A,N/A,N/A
2025-12-11 07:30:47,Camera1,454,hidden_disposal,"(271.02386474609375, 123.3421630859375)",0.70,0.00,N/A,N/A,N/A
2025-12-11 07:30:47,Camera1,447,unloading,"(193.165283203125, 152.15911865234375)",1.24,0.00,N/A,N/A,N/A
2025-12-11 07:30:47,Camera1,449,unloading,"(186.96278381347656, 129.12538146972656)",1.36,0.00,N/A,N/A,N/A
2025-12-11 07:30:47,Camera1,458,unloading,"(187.0656280517578, 98.09707641601562)",1.18,0.00,N/A,N/A,N/A
2025-12-11 07:30:47,Camera1,453,unloading,"(140.39419555664062, 79.40936279296875)",0.67,0.00,N/A,N/A,N/A
2025-12-11 07:30:47,Camera1,453,hidden_disposal,"(140.39419555664062, 79.40936279296875)",0.67,0.00,N/A,N/A,N/A
2025-12-11 07:30:47,Camera1,478,unloading,"(272.15625, 79.47319030761719)",0.28,0.00,N/A,N/A,N/A
2025-12-11 07:30:47,Camera1,478,hidden_disposal,"(272.15625, 79.47319030761719)",0.28,0.00,N/A,N/A,N/A
2025-12-11 07:30:47,Camera1,450,unloading,"(195.00889587402344, 105.67837524414062)",0.95,0.00,N/A,N/A,N/A
2025-12-11 07:30:47,Camera1,450,hidden_disposal,"(195.00889587402344, 105.67837524414062)",0.95,0.00,N/A,N/A,N/A
2025-12-11 07:30:47,Camera1,457,unloading,"(272.8084716796875, 98.72332763671875)",0.40,0.00,N/A,N/A,N/A
2025-12-11 07:30:47,Camera1,457,hidden_disposal,"(272.8084716796875, 98.72332763671875)",0.40,0.00,N/A,N/A,N/A
2025-12-11 07:30:47,Camera1,487,unloading,"(276.3887023925781, 72.5279541015625)",0.28,0.00,N/A,N/A,N/A
2025-12-11 07:30:47,Camera1,487,hidden_disposal,"(276.3887023925781, 72.5279541015625)",0.28,0.00,N/A,N/A,N/A
2025-12-11 07:30:47,Camera1,451,hidden_disposal,"(117.51594543457031, 230.54742431640625)",0.00,0.00,N/A,N/A,N/A
2025-12-11 07:30:52,Camera1,446,unloading,"(488.6675720214844, 237.91665649414062)",1.58,0.00,N/A,N/A,N/A
2025-12-11 07:30:52,Camera1,448,unloading,"(155.67593383789062, 117.92854309082031)",1.76,0.00,N/A,N/A,N/A
2025-12-11 07:30:52,Camera1,456,unloading,"(261.78558349609375, 89.29124450683594)",0.31,0.00,N/A,N/A,N/A
2025-12-11 07:30:52,Camera1,456,hidden_disposal,"(261.78558349609375, 89.29124450683594)",0.31,0.00,N/A,N/A,N/A
2025-12-11 07:30:52,Camera1,454,unloading,"(271.01318359375, 123.09197998046875)",0.60,0.00,N/A,N/A,N/A
2025-12-11 07:30:52,Camera1,454,hidden_disposal,"(271.01318359375, 123.09197998046875)",0.60,0.00,N/A,N/A,N/A
2025-12-11 07:30:52,Camera1,449,unloading,"(187.56085205078125, 128.34498596191406)",1.51,0.00,N/A,N/A,N/A
2025-12-11 07:30:52,Camera1,455,unloading,"(130.07144165039062, 93.6702880859375)",1.07,0.00,N/A,N/A,N/A
2025-12-11 07:30:52,Camera1,475,unloading,"(219.36734008789062, 107.79544067382812)",1.06,0.00,N/A,N/A,N/A
2025-12-11 07:30:52,Camera1,478,unloading,"(271.97271728515625, 79.17941284179688)",0.28,0.00,N/A,N/A,N/A
2025-12-11 07:30:52,Camera1,478,hidden_disposal,"(271.97271728515625, 79.17941284179688)",0.28,0.00,N/A,N/A,N/A
2025-12-11 07:30:52,Camera1,457,unloading,"(273.06951904296875, 98.11199951171875)",0.41,0.00,N/A,N/A,N/A
2025-12-11 07:30:52,Camera1,457,hidden_disposal,"(273.06951904296875, 98.11199951171875)",0.41,0.00,N/A,N/A,N/A
2025-12-11 07:30:52,Camera1,453,unloading,"(139.437255859375, 80.03046417236328)",0.79,0.00,N/A,N/A,N/A
2025-12-11 07:30:52,Camera1,453,hidden_disposal,"(139.437255859375, 80.03046417236328)",0.79,0.00,N/A,N/A,N/A
2025-12-11 07:30:52,Camera1,447,unloading,"(194.29739379882812, 149.80819702148438)",0.00,0.00,N/A,N/A,N/A
2025-12-11 07:30:52,Camera1,447,hidden_disposal,"(194.29739379882812, 149.80819702148438)",0.00,0.00,N/A,N/A,N/A
2025-12-11 07:30:54,Camera1,449,unloading,"(188.95953369140625, 126.95335388183594)",1.67,0.00,N/A,N/A,N/A
2025-12-11 07:30:54,Camera1,456,hidden_disposal,"(261.72705078125, 89.05011749267578)",0.92,0.00,N/A,N/A,N/A
2025-12-11 07:30:54,Camera1,478,hidden_disposal,"(271.4561462402344, 78.83380126953125)",0.79,0.00,N/A,N/A,N/A
2025-12-11 07:30:54,Camera1,453,hidden_disposal,"(138.26605224609375, 80.735595703125)",0.62,0.00,N/A,N/A,N/A
2025-12-11 07:30:54,Camera1,451,hidden_disposal,"(123.25393676757812, 226.3651123046875)",0.00,0.00,N/A,N/A,N/A
2025-12-11 07:30:54,Camera1,447,unloading,"(194.72171020507812, 149.03016662597656)",0.00,0.00,N/A,N/A,N/A
2025-12-11 07:30:54,Camera1,447,hidden_disposal,"(194.72171020507812, 149.03016662597656)",0.00,0.00,N/A,N/A,N/A
2025-12-11 07:30:56,Camera1,446,hidden_disposal,"(486.297607421875, 237.05767822265625)",0.92,0.00,N/A,N/A,N/A
2025-12-11 07:30:56,Camera1,448,hidden_disposal,"(157.91793823242188, 116.86798095703125)",0.67,0.00,N/A,N/A,N/A
2025-12-11 07:30:56,Camera1,449,hidden_disposal,"(189.38436889648438, 126.46742248535156)",0.52,0.00,N/A,N/A,N/A
2025-12-11 07:30:56,Camera1,456,hidden_disposal,"(261.3984680175781, 88.8250732421875)",0.23,0.00,N/A,N/A,N/A
2025-12-11 07:30:56,Camera1,475,hidden_disposal,"(220.66583251953125, 106.27291107177734)",0.34,0.00,N/A,N/A,N/A
2025-12-11 07:30:56,Camera1,454,hidden_disposal,"(270.7327880859375, 121.94181823730469)",0.25,0.00,N/A,N/A,N/A
2025-12-11 07:30:56,Camera1,455,hidden_disposal,"(129.07215881347656, 94.60984802246094)",0.70,0.00,N/A,N/A,N/A
2025-12-11 07:30:56,Camera1,478,hidden_disposal,"(271.3883056640625, 78.82649993896484)",0.06,0.00,N/A,N/A,N/A
2025-12-11 07:30:56,Camera1,453,hidden_disposal,"(137.97535705566406, 80.46649932861328)",0.43,0.00,N/A,N/A,N/A
2025-12-11 07:30:56,Camera1,451,hidden_disposal,"(124.08463287353516, 225.15823364257812)",0.00,0.00,N/A,N/A,N/A
2025-12-11 07:30:56,Camera1,447,hidden_disposal,"(195.13368225097656, 148.73550415039062)",0.00,0.00,N/A,N/A,N/A
2025-12-11 07:30:57,Camera1,478,hidden_disposal,"(271.34149169921875, 77.93557739257812)",0.52,0.00,N/A,N/A,N/A
2025-12-11 07:30:57,Camera1,456,hidden_disposal,"(261.0380859375, 88.11813354492188)",0.00,0.00,N/A,N/A,N/A
2025-12-11 07:30:59,Camera1,449,unloading,"(191.87954711914062, 124.43167114257812)",1.40,0.00,N/A,N/A,N/A
2025-12-11 07:30:59,Camera1,454,unloading,"(270.69659423828125, 120.12882995605469)",0.71,0.00,N/A,N/A,N/A
2025-12-11 07:30:59,Camera1,454,hidden_disposal,"(270.69659423828125, 120.12882995605469)",0.71,0.00,N/A,N/A,N/A
2025-12-11 07:30:59,Camera1,448,unloading,"(161.34515380859375, 114.621337890625)",1.34,0.00,N/A,N/A,N/A
2025-12-11 07:30:59,Camera1,475,unloading,"(223.43853759765625, 104.255615234375)",1.15,0.00,N/A,N/A,N/A
2025-12-11 07:30:59,Camera1,453,unloading,"(135.28553771972656, 82.30673217773438)",0.74,0.00,N/A,N/A,N/A
2025-12-11 07:30:59,Camera1,453,hidden_disposal,"(135.28553771972656, 82.30673217773438)",0.74,0.00,N/A,N/A,N/A
2025-12-11 07:30:59,Camera1,499,unloading,"(154.61941528320312, 72.45228576660156)",0.81,0.00,N/A,N/A,N/A
2025-12-11 07:30:59,Camera1,499,hidden_disposal,"(154.61941528320312, 72.45228576660156)",0.81,0.00,N/A,N/A,N/A
2025-12-11 07:30:59,Camera1,478,unloading,"(271.34222412109375, 77.26516723632812)",0.36,0.00,N/A,N/A,N/A
2025-12-11 07:30:59,Camera1,478,hidden_disposal,"(271.34222412109375, 77.26516723632812)",0.36,0.00,N/A,N/A,N/A
2025-12-11 07:30:59,Camera1,456,unloading,"(260.9586181640625, 87.50664520263672)",0.00,0.00,N/A,N/A,N/A
2025-12-11 07:30:59,Camera1,456,hidden_disposal,"(260.9586181640625, 87.50664520263672)",0.00,0.00,N/A,N/A,N/A
2025-12-11 07:31:01,Camera1,454,hidden_disposal,"(270.3713684082031, 119.61196899414062)",0.56,0.00,N/A,N/A,N/A
2025-12-11 07:31:01,Camera1,456,hidden_disposal,"(261.0642395019531, 87.0948486328125)",0.57,0.00,N/A,N/A,N/A
2025-12-11 07:31:01,Camera1,478,hidden_disposal,"(271.2188720703125, 77.0037612915039)",0.37,0.00,N/A,N/A,N/A
2025-12-11 07:31:03,Camera1,454,hidden_disposal,"(270.36505126953125, 118.85688781738281)",0.73,0.00,N/A,N/A,N/A
2025-12-11 07:31:03,Camera1,456,hidden_disposal,"(260.99072265625, 87.06199645996094)",0.33,0.00,N/A,N/A,N/A
2025-12-11 07:31:03,Camera1,453,hidden_disposal,"(132.8082275390625, 83.08493041992188)",0.82,0.00,N/A,N/A,N/A
2025-12-11 07:31:03,Camera1,478,hidden_disposal,"(270.99237060546875, 76.83500671386719)",0.25,0.00,N/A,N/A,N/A
2025-12-11 07:31:03,Camera1,451,hidden_disposal,"(135.23080444335938, 214.64398193359375)",0.00,0.00,N/A,N/A,N/A
2025-12-11 07:31:04,Camera1,446,hidden_disposal,"(478.6484069824219, 234.30001831054688)",0.74,0.00,N/A,N/A,N/A
2025-12-11 07:31:04,Camera1,455,unloading,"(120.91704559326172, 98.20240783691406)",0.56,0.00,N/A,N/A,N/A
2025-12-11 07:31:04,Camera1,455,hidden_disposal,"(120.91704559326172, 98.20240783691406)",0.56,0.00,N/A,N/A,N/A
2025-12-11 07:31:04,Camera1,454,hidden_disposal,"(270.35546875, 118.56617736816406)",0.26,0.00,N/A,N/A,N/A
2025-12-11 07:31:04,Camera1,456,hidden_disposal,"(260.9090576171875, 87.29667663574219)",0.28,0.00,N/A,N/A,N/A
2025-12-11 07:31:04,Camera1,448,unloading,"(164.78033447265625, 112.08638000488281)",0.70,0.00,N/A,N/A,N/A
2025-12-11 07:31:04,Camera1,448,hidden_disposal,"(164.78033447265625, 112.08638000488281)",0.70,0.00,N/A,N/A,N/A
2025-12-11 07:31:04,Camera1,475,hidden_disposal,"(225.66070556640625, 102.72410583496094)",0.37,0.00,N/A,N/A,N/A
2025-12-11 07:31:04,Camera1,453,unloading,"(132.55259704589844, 83.13766479492188)",0.31,0.00,N/A,N/A,N/A
2025-12-11 07:31:04,Camera1,453,hidden_disposal,"(132.55259704589844, 83.13766479492188)",0.31,0.00,N/A,N/A,N/A
2025-12-11 07:31:04,Camera1,449,hidden_disposal,"(193.53512573242188, 122.21873474121094)",0.50,0.00,N/A,N/A,N/A
2025-12-11 07:31:04,Camera1,478,hidden_disposal,"(271.2027282714844, 76.6680908203125)",0.27,0.00,N/A,N/A,N/A
2025-12-11 07:31:04,Camera1,501,unloading,"(162.51583862304688, 78.93134307861328)",0.26,0.00,N/A,N/A,N/A
2025-12-11 07:31:04,Camera1,501,hidden_disposal,"(162.51583862304688, 78.93134307861328)",0.26,0.00,N/A,N/A,N/A
2025-12-11 07:31:04,Camera1,451,hidden_disposal,"(136.34185791015625, 214.18331909179688)",0.00,0.00,N/A,N/A,N/A
2025-12-11 07:31:06,Camera1,456,hidden_disposal,"(260.96759033203125, 86.67093658447266)",0.50,0.00,N/A,N/A,N/A
2025-12-11 07:31:07,Camera1,454,unloading,"(270.3702392578125, 117.07083129882812)",0.63,0.00,N/A,N/A,N/A
2025-12-11 07:31:07,Camera1,454,hidden_disposal,"(270.3702392578125, 117.07083129882812)",0.63,0.00,N/A,N/A,N/A
2025-12-11 07:31:07,Camera1,456,unloading,"(260.9337158203125, 86.04855346679688)",0.51,0.00,N/A,N/A,N/A
2025-12-11 07:31:07,Camera1,456,hidden_disposal,"(260.9337158203125, 86.04855346679688)",0.51,0.00,N/A,N/A,N/A
2025-12-11 07:31:07,Camera1,475,unloading,"(227.83914184570312, 100.84422302246094)",1.12,0.00,N/A,N/A,N/A
2025-12-11 07:31:07,Camera1,451,unloading,"(141.57302856445312, 208.0903778076172)",2.99,0.00,N/A,N/A,N/A
2025-12-11 07:31:07,Camera1,448,unloading,"(168.485107421875, 110.48617553710938)",1.40,0.00,N/A,N/A,N/A
2025-12-11 07:31:07,Camera1,455,unloading,"(117.01422119140625, 99.67343139648438)",1.25,0.00,N/A,N/A,N/A
2025-12-11 07:31:07,Camera1,453,hidden_disposal,"(130.3284454345703, 83.93083190917969)",0.83,0.00,N/A,N/A,N/A
2025-12-11 07:31:09,Camera1,456,hidden_disposal,"(260.95147705078125, 86.04728698730469)",0.39,0.00,N/A,N/A,N/A
2025-12-11 07:31:09,Camera1,454,hidden_disposal,"(270.3244323730469, 116.61573791503906)",0.58,0.00,N/A,N/A,N/A
2025-12-11 07:31:09,Camera1,451,hidden_disposal,"(143.16012573242188, 205.3607940673828)",0.00,0.00,N/A,N/A,N/A
2025-12-11 07:31:10,Camera1,455,unloading,"(113.91329956054688, 101.2181167602539)",1.47,0.00,N/A,N/A,N/A
2025-12-11 07:31:10,Camera1,456,hidden_disposal,"(260.6771545410156, 85.25537109375)",0.58,0.00,N/A,N/A,N/A
2025-12-11 07:31:10,Camera1,453,unloading,"(128.0556640625, 84.55487823486328)",0.92,0.00,N/A,N/A,N/A
2025-12-11 07:31:10,Camera1,453,hidden_disposal,"(128.0556640625, 84.55487823486328)",0.92,0.00,N/A,N/A,N/A
2025-12-11 07:31:10,Camera1,454,hidden_disposal,"(270.44921875, 115.6207504272461)",0.92,0.00,N/A,N/A,N/A
2025-12-11 07:31:10,Camera1,448,unloading,"(170.70346069335938, 109.01209259033203)",1.46,0.00,N/A,N/A,N/A
2025-12-11 07:31:10,Camera1,451,hidden_disposal,"(145.16708374023438, 203.62448120117188)",0.00,0.00,N/A,N/A,N/A
2025-12-11 07:31:12,Camera1,446,hidden_disposal,"(471.6236877441406, 231.60443115234375)",0.74,0.00,N/A,N/A,N/A
2025-12-11 07:31:12,Camera1,455,hidden_disposal,"(113.46260833740234, 101.18669891357422)",0.68,0.00,N/A,N/A,N/A
2025-12-11 07:31:12,Camera1,454,hidden_disposal,"(270.42877197265625, 115.42882537841797)",0.31,0.00,N/A,N/A,N/A
2025-12-11 07:31:12,Camera1,453,hidden_disposal,"(127.67003631591797, 84.58387756347656)",0.45,0.00,N/A,N/A,N/A
2025-12-11 07:31:12,Camera1,456,hidden_disposal,"(260.76580810546875, 85.04707336425781)",0.25,0.00,N/A,N/A,N/A
2025-12-11 07:31:12,Camera1,448,hidden_disposal,"(171.36703491210938, 108.66064453125)",0.64,0.00,N/A,N/A,N/A
2025-12-11 07:31:12,Camera1,475,hidden_disposal,"(230.0087890625, 99.06671142578125)",0.36,0.00,N/A,N/A,N/A
2025-12-11 07:31:12,Camera1,510,hidden_disposal,"(270.82196044921875, 74.98869323730469)",0.14,0.00,N/A,N/A,N/A
2025-12-11 07:31:12,Camera1,451,hidden_disposal,"(146.14041137695312, 202.417236328125)",0.00,0.00,N/A,N/A,N/A
2025-12-11 07:31:13,Camera1,454,hidden_disposal,"(270.471923828125, 114.44915771484375)",0.82,0.00,N/A,N/A,N/A
2025-12-11 07:31:13,Camera1,456,hidden_disposal,"(260.6905212402344, 84.44660186767578)",0.54,0.00,N/A,N/A,N/A
2025-12-11 07:31:13,Camera1,510,hidden_disposal,"(270.8225402832031, 74.99922180175781)",0.47,0.00,N/A,N/A,N/A
2025-12-11 07:31:13,Camera1,451,unloading,"(149.558349609375, 198.44674682617188)",0.00,0.00,N/A,N/A,N/A
2025-12-11 07:31:13,Camera1,451,hidden_disposal,"(149.558349609375, 198.44674682617188)",0.00,0.00,N/A,N/A,N/A
2025-12-11 07:31:15,Camera1,453,hidden_disposal,"(125.07855987548828, 85.53582000732422)",0.98,0.00,N/A,N/A,N/A
2025-12-11 07:31:15,Camera1,454,hidden_disposal,"(270.688232421875, 113.79911041259766)",0.68,0.00,N/A,N/A,N/A
2025-12-11 07:31:15,Camera1,456,hidden_disposal,"(260.5678405761719, 84.07731628417969)",0.50,0.00,N/A,N/A,N/A
2025-12-11 07:31:15,Camera1,510,hidden_disposal,"(271.0018310546875, 74.78304290771484)",0.43,0.00,N/A,N/A,N/A
2025-12-11 07:31:15,Camera1,475,hidden_disposal,"(232.37619018554688, 97.44964599609375)",0.87,0.00,N/A,N/A,N/A
2025-12-11 07:31:15,Camera1,448,unloading,"(174.22540283203125, 106.70030212402344)",1.37,0.00,N/A,N/A,N/A
2025-12-11 07:31:15,Camera1,514,hidden_disposal,"(307.8460693359375, 53.204498291015625)",0.23,0.00,N/A,N/A,N/A
2025-12-11 07:31:17,Camera1,454,hidden_disposal,"(270.96881103515625, 113.27178955078125)",0.59,0.00,N/A,N/A,N/A
2025-12-11 07:31:17,Camera1,456,hidden_disposal,"(260.23895263671875, 84.05410766601562)",0.28,0.00,N/A,N/A,N/A
2025-12-11 07:31:17,Camera1,510,hidden_disposal,"(270.9247131347656, 74.48104858398438)",0.29,0.00,N/A,N/A,N/A
2025-12-11 07:31:17,Camera1,513,hidden_disposal,"(215.07614135742188, 135.87326049804688)",0.94,0.00,N/A,N/A,N/A
2025-12-11 07:31:17,Camera1,514,hidden_disposal,"(308.19622802734375, 53.54447937011719)",0.17,0.00,N/A,N/A,N/A
2025-12-11 07:31:19,Camera1,453,hidden_disposal,"(123.41741943359375, 86.476318359375)",0.81,0.00,N/A,N/A,N/A
2025-12-11 07:31:19,Camera1,446,unloading,"(465.73297119140625, 229.76986694335938)",1.23,0.00,N/A,N/A,N/A
2025-12-11 07:31:19,Camera1,454,unloading,"(270.994873046875, 112.83903503417969)",0.43,0.00,N/A,N/A,N/A
2025-12-11 07:31:19,Camera1,454,hidden_disposal,"(270.994873046875, 112.83903503417969)",0.43,0.00,N/A,N/A,N/A
2025-12-11 07:31:19,Camera1,475,unloading,"(233.980712890625, 96.28761291503906)",0.72,0.00,N/A,N/A,N/A
2025-12-11 07:31:19,Camera1,475,hidden_disposal,"(233.980712890625, 96.28761291503906)",0.72,0.00,N/A,N/A,N/A
2025-12-11 07:31:19,Camera1,448,unloading,"(177.03219604492188, 104.8070297241211)",1.24,0.00,N/A,N/A,N/A
2025-12-11 07:31:19,Camera1,456,unloading,"(260.0516052246094, 83.71405029296875)",0.48,0.00,N/A,N/A,N/A
2025-12-11 07:31:19,Camera1,456,hidden_disposal,"(260.0516052246094, 83.71405029296875)",0.48,0.00,N/A,N/A,N/A
2025-12-11 07:31:19,Camera1,510,unloading,"(271.0602111816406, 74.34744262695312)",0.35,0.00,N/A,N/A,N/A
2025-12-11 07:31:19,Camera1,510,hidden_disposal,"(271.0602111816406, 74.34744262695312)",0.35,0.00,N/A,N/A,N/A
2025-12-11 07:31:19,Camera1,517,unloading,"(153.513671875, 82.98484802246094)",1.04,0.00,N/A,N/A,N/A
2025-12-11 07:31:19,Camera1,516,unloading,"(214.03146362304688, 94.20106506347656)",0.65,0.00,N/A,N/A,N/A
2025-12-11 07:31:19,Camera1,516,hidden_disposal,"(214.03146362304688, 94.20106506347656)",0.65,0.00,N/A,N/A,N/A
2025-12-11 07:31:19,Camera1,514,unloading,"(308.393310546875, 53.227577209472656)",0.07,0.00,N/A,N/A,N/A
2025-12-11 07:31:19,Camera1,514,hidden_disposal,"(308.393310546875, 53.227577209472656)",0.07,0.00,N/A,N/A,N/A
2025-12-11 07:31:20,Camera1,446,hidden_disposal,"(465.0810546875, 229.02352905273438)",0.69,0.00,N/A,N/A,N/A
2025-12-11 07:31:20,Camera1,453,unloading,"(122.41163635253906, 87.36895751953125)",0.89,0.00,N/A,N/A,N/A
2025-12-11 07:31:20,Camera1,453,hidden_disposal,"(122.41163635253906, 87.36895751953125)",0.89,0.00,N/A,N/A,N/A
2025-12-11 07:31:20,Camera1,454,hidden_disposal,"(270.92901611328125, 112.54439544677734)",0.25,0.00,N/A,N/A,N/A
2025-12-11 07:31:20,Camera1,451,unloading,"(156.55799865722656, 194.06259155273438)",1.45,0.00,N/A,N/A,N/A
2025-12-11 07:31:20,Camera1,455,unloading,"(106.87999725341797, 103.76344299316406)",0.71,0.00,N/A,N/A,N/A
2025-12-11 07:31:20,Camera1,455,hidden_disposal,"(106.87999725341797, 103.76344299316406)",0.71,0.00,N/A,N/A,N/A
2025-12-11 07:31:20,Camera1,475,unloading,"(234.42893981933594, 96.24440002441406)",0.60,0.00,N/A,N/A,N/A
2025-12-11 07:31:20,Camera1,475,hidden_disposal,"(234.42893981933594, 96.24440002441406)",0.60,0.00,N/A,N/A,N/A
2025-12-11 07:31:20,Camera1,456,unloading,"(260.15899658203125, 83.691162109375)",0.06,0.00,N/A,N/A,N/A
2025-12-11 07:31:20,Camera1,456,hidden_disposal,"(260.15899658203125, 83.691162109375)",0.06,0.00,N/A,N/A,N/A
2025-12-11 07:31:20,Camera1,448,unloading,"(177.54513549804688, 104.52793884277344)",0.69,0.00,N/A,N/A,N/A
2025-12-11 07:31:20,Camera1,448,hidden_disposal,"(177.54513549804688, 104.52793884277344)",0.69,0.00,N/A,N/A,N/A
2025-12-11 07:31:20,Camera1,517,unloading,"(153.24761962890625, 83.1551513671875)",0.52,0.00,N/A,N/A,N/A
2025-12-11 07:31:20,Camera1,517,hidden_disposal,"(153.24761962890625, 83.1551513671875)",0.52,0.00,N/A,N/A,N/A
2025-12-11 07:31:20,Camera1,510,unloading,"(271.2597351074219, 74.4051513671875)",0.25,0.00,N/A,N/A,N/A
2025-12-11 07:31:20,Camera1,510,hidden_disposal,"(271.2597351074219, 74.4051513671875)",0.25,0.00,N/A,N/A,N/A
2025-12-11 07:31:20,Camera1,519,unloading,"(215.0019073486328, 133.85665893554688)",0.00,0.00,N/A,N/A,N/A
2025-12-11 07:31:20,Camera1,519,hidden_disposal,"(215.0019073486328, 133.85665893554688)",0.00,0.00,N/A,N/A,N/A
2025-12-11 07:31:22,Camera1,446,unloading,"(462.93115234375, 228.42127990722656)",1.93,0.00,N/A,N/A,N/A
2025-12-11 07:31:22,Camera1,456,hidden_disposal,"(259.7870178222656, 82.94384002685547)",0.82,0.00,N/A,N/A,N/A
2025-12-11 07:31:22,Camera1,454,unloading,"(270.773193359375, 111.4202880859375)",1.18,0.00,N/A,N/A,N/A
2025-12-11 07:31:22,Camera1,451,hidden_disposal,"(158.60910034179688, 189.53192138671875)",0.00,0.00,N/A,N/A,N/A
2025-12-11 07:31:23,Camera1,453,unloading,"(119.71468353271484, 88.39108276367188)",1.28,0.00,N/A,N/A,N/A
2025-12-11 07:31:23,Camera1,456,hidden_disposal,"(259.70892333984375, 82.48450469970703)",0.40,0.00,N/A,N/A,N/A
2025-12-11 07:31:23,Camera1,454,hidden_disposal,"(270.96490478515625, 110.97608947753906)",0.51,0.00,N/A,N/A,N/A
2025-12-11 07:31:23,Camera1,475,hidden_disposal,"(236.322265625, 94.53762817382812)",0.88,0.00,N/A,N/A,N/A
2025-12-11 07:31:23,Camera1,451,hidden_disposal,"(160.21304321289062, 188.09178161621094)",0.00,0.00,N/A,N/A,N/A
2025-12-11 07:31:24,Camera1,456,hidden_disposal,"(259.67352294921875, 81.98568725585938)",0.50,0.00,N/A,N/A,N/A
2025-12-11 07:31:24,Camera1,454,hidden_disposal,"(270.9229736328125, 110.06776428222656)",0.73,0.00,N/A,N/A,N/A
2025-12-11 07:31:24,Camera1,517,hidden_disposal,"(150.32139587402344, 84.20040130615234)",0.92,0.00,N/A,N/A,N/A
2025-12-11 07:31:24,Camera1,451,hidden_disposal,"(161.89364624023438, 186.27279663085938)",0.00,0.00,N/A,N/A,N/A
2025-12-11 07:31:26,Camera1,456,hidden_disposal,"(259.4334716796875, 81.81584167480469)",0.39,0.00,N/A,N/A,N/A
2025-12-11 07:31:26,Camera1,454,hidden_disposal,"(271.26361083984375, 109.47477722167969)",0.59,0.00,N/A,N/A,N/A
2025-12-11 07:31:26,Camera1,475,hidden_disposal,"(238.10009765625, 93.47059631347656)",0.79,0.00,N/A,N/A,N/A
2025-12-11 07:31:26,Camera1,519,hidden_disposal,"(219.00607299804688, 130.80264282226562)",0.97,0.00,N/A,N/A,N/A
2025-12-11 07:31:26,Camera1,451,hidden_disposal,"(164.6439208984375, 184.73342895507812)",0.00,0.00,N/A,N/A,N/A
2025-12-11 07:31:27,Camera1,446,hidden_disposal,"(458.5943603515625, 226.08941650390625)",0.50,0.00,N/A,N/A,N/A
2025-12-11 07:31:27,Camera1,453,hidden_disposal,"(116.73817443847656, 89.58982849121094)",0.46,0.00,N/A,N/A,N/A
2025-12-11 07:31:27,Camera1,455,hidden_disposal,"(97.99807739257812, 108.69804382324219)",0.66,0.00,N/A,N/A,N/A
2025-12-11 07:31:27,Camera1,456,hidden_disposal,"(259.58935546875, 81.66986083984375)",0.30,0.00,N/A,N/A,N/A
2025-12-11 07:31:27,Camera1,454,hidden_disposal,"(271.2212829589844, 109.26371765136719)",0.32,0.00,N/A,N/A,N/A
2025-12-11 07:31:27,Camera1,519,hidden_disposal,"(219.23818969726562, 130.21755981445312)",0.54,0.00,N/A,N/A,N/A
2025-12-11 07:31:27,Camera1,475,hidden_disposal,"(238.25840759277344, 93.1813735961914)",0.37,0.00,N/A,N/A,N/A
2025-12-11 07:31:27,Camera1,517,unloading,"(148.10171508789062, 85.0439453125)",0.40,0.00,N/A,N/A,N/A
2025-12-11 07:31:27,Camera1,517,hidden_disposal,"(148.10171508789062, 85.0439453125)",0.40,0.00,N/A,N/A,N/A
2025-12-11 07:31:27,Camera1,448,hidden_disposal,"(183.32879638671875, 100.77668762207031)",0.70,0.00,N/A,N/A,N/A
2025-12-11 07:31:27,Camera1,451,unloading,"(165.38967895507812, 183.4287109375)",0.00,0.00,N/A,N/A,N/A
2025-12-11 07:31:27,Camera1,451,hidden_disposal,"(165.38967895507812, 183.4287109375)",0.00,0.00,N/A,N/A,N/A
2025-12-11 07:31:29,Camera1,453,unloading,"(114.85871124267578, 89.96676635742188)",1.94,0.00,N/A,N/A,N/A
2025-12-11 07:31:29,Camera1,455,unloading,"(96.00182342529297, 109.64830017089844)",2.50,0.00,N/A,N/A,N/A
2025-12-11 07:31:29,Camera1,519,unloading,"(220.2359161376953, 128.77346801757812)",1.71,0.00,N/A,N/A,N/A
2025-12-11 07:31:29,Camera1,456,hidden_disposal,"(259.5527648925781, 80.85685729980469)",0.74,0.00,N/A,N/A,N/A
2025-12-11 07:31:29,Camera1,522,hidden_disposal,"(272.1666259765625, 71.72859954833984)",0.75,0.00,N/A,N/A,N/A
2025-12-11 07:31:29,Camera1,451,hidden_disposal,"(166.70880126953125, 181.19960021972656)",0.00,0.00,N/A,N/A,N/A
